coupe,num coupe,dimensions,voxel,labels
coronal,0,"(256, 256)","(0.9375, 1.5, 0.9375)","[(0, 65536)]"
coronal,1,"(256, 256)","(0.9375, 1.5, 0.9375)","[(0, 65536)]"
coronal,2,"(256, 256)","(0.9375, 1.5, 0.9375)","[(0, 65536)]"
coronal,3,"(256, 256)","(0.9375, 1.5, 0.9375)","[(0, 65536)]"
coronal,4,"(256, 256)","(0.9375, 1.5, 0.9375)","[(0, 65281), (3, 100), (42, 155)]"
coronal,5,"(256, 256)","(0.9375, 1.5, 0.9375)","[(0, 64747), (3, 363), (42, 426)]"
coronal,6,"(256, 256)","(0.9375, 1.5, 0.9375)","[(0, 64350), (2, 17), (3, 550), (41, 27), (42, 592)]"
coronal,7,"(256, 256)","(0.9375, 1.5, 0.9375)","[(0, 64004), (2, 28), (3, 709), (41, 64), (42, 731)]"
coronal,8,"(256, 256)","(0.9375, 1.5, 0.9375)","[(0, 63669), (2, 56), (3, 832), (41, 77), (42, 902)]"
coronal,9,"(256, 256)","(0.9375, 1.5, 0.9375)","[(0, 63373), (2, 97), (3, 946), (41, 82), (42, 1038)]"
coronal,10,"(256, 256)","(0.9375, 1.5, 0.9375)","[(0, 63011), (2, 116), (3, 1144), (41, 135), (42, 1130)]"
coronal,11,"(256, 256)","(0.9375, 1.5, 0.9375)","[(0, 62684), (2, 146), (3, 1254), (41, 122), (42, 1330)]"
coronal,12,"(256, 256)","(0.9375, 1.5, 0.9375)","[(0, 62148), (2, 223), (3, 1438), (41, 252), (42, 1475)]"
coronal,13,"(256, 256)","(0.9375, 1.5, 0.9375)","[(0, 61665), (2, 354), (3, 1564), (41, 277), (42, 1676)]"
coronal,14,"(256, 256)","(0.9375, 1.5, 0.9375)","[(0, 61131), (2, 460), (3, 1795), (41, 309), (42, 1841)]"
coronal,15,"(256, 256)","(0.9375, 1.5, 0.9375)","[(0, 60751), (2, 500), (3, 1930), (41, 386), (42, 1969)]"
coronal,16,"(256, 256)","(0.9375, 1.5, 0.9375)","[(0, 60258), (2, 580), (3, 1968), (8, 170), (41, 565), (42, 1995)]"
coronal,17,"(256, 256)","(0.9375, 1.5, 0.9375)","[(0, 59710), (2, 652), (3, 2102), (8, 227), (41, 596), (42, 2142), (47, 107)]"
coronal,18,"(256, 256)","(0.9375, 1.5, 0.9375)","[(0, 58908), (2, 718), (3, 2329), (8, 392), (41, 663), (42, 2237), (47, 289)]"
coronal,19,"(256, 256)","(0.9375, 1.5, 0.9375)","[(0, 58368), (2, 840), (3, 2330), (8, 486), (41, 857), (42, 2293), (47, 362)]"
coronal,20,"(256, 256)","(0.9375, 1.5, 0.9375)","[(0, 57859), (2, 975), (3, 2355), (8, 581), (41, 1030), (42, 2251), (47, 485)]"
coronal,21,"(256, 256)","(0.9375, 1.5, 0.9375)","[(0, 57255), (2, 1023), (3, 2452), (7, 21), (8, 695), (41, 1131), (42, 2267), (46, 27), (47, 665)]"
coronal,22,"(256, 256)","(0.9375, 1.5, 0.9375)","[(0, 56789), (2, 1102), (3, 2521), (7, 26), (8, 816), (41, 1217), (42, 2227), (46, 15), (47, 823)]"
coronal,23,"(256, 256)","(0.9375, 1.5, 0.9375)","[(0, 56399), (2, 1348), (3, 2371), (7, 27), (8, 908), (41, 1281), (42, 2346), (46, 11), (47, 845)]"
coronal,24,"(256, 256)","(0.9375, 1.5, 0.9375)","[(0, 55923), (2, 1383), (3, 2507), (7, 30), (8, 971), (41, 1220), (42, 2469), (46, 27), (47, 1006)]"
coronal,25,"(256, 256)","(0.9375, 1.5, 0.9375)","[(0, 55542), (2, 1291), (3, 2668), (7, 74), (8, 1033), (41, 1159), (42, 2638), (46, 32), (47, 1099)]"
coronal,26,"(256, 256)","(0.9375, 1.5, 0.9375)","[(0, 55160), (2, 1328), (3, 2646), (7, 121), (8, 1092), (41, 1177), (42, 2783), (46, 113), (47, 1116)]"
coronal,27,"(256, 256)","(0.9375, 1.5, 0.9375)","[(0, 54792), (2, 1523), (3, 2621), (7, 177), (8, 1091), (41, 1219), (42, 2834), (46, 102), (47, 1177)]"
coronal,28,"(256, 256)","(0.9375, 1.5, 0.9375)","[(0, 54360), (2, 1484), (3, 2785), (7, 166), (8, 1251), (41, 1267), (42, 2828), (46, 105), (47, 1290)]"
coronal,29,"(256, 256)","(0.9375, 1.5, 0.9375)","[(0, 54008), (2, 1456), (3, 2835), (7, 179), (8, 1351), (41, 1321), (42, 2927), (46, 133), (47, 1326)]"
coronal,30,"(256, 256)","(0.9375, 1.5, 0.9375)","[(0, 53625), (2, 1674), (3, 2770), (7, 224), (8, 1365), (41, 1395), (42, 2894), (46, 188), (47, 1401)]"
coronal,31,"(256, 256)","(0.9375, 1.5, 0.9375)","[(0, 53326), (2, 1651), (3, 2993), (7, 205), (8, 1396), (41, 1455), (42, 2865), (46, 179), (47, 1466)]"
coronal,32,"(256, 256)","(0.9375, 1.5, 0.9375)","[(0, 53058), (2, 1666), (3, 2910), (7, 273), (8, 1469), (41, 1575), (42, 2837), (46, 203), (47, 1545)]"
coronal,33,"(256, 256)","(0.9375, 1.5, 0.9375)","[(0, 52864), (2, 1646), (3, 2969), (7, 241), (8, 1616), (41, 1582), (42, 2819), (46, 194), (47, 1605)]"
coronal,34,"(256, 256)","(0.9375, 1.5, 0.9375)","[(0, 52611), (2, 1691), (3, 2982), (7, 306), (8, 1567), (41, 1601), (42, 2878), (46, 245), (47, 1655)]"
coronal,35,"(256, 256)","(0.9375, 1.5, 0.9375)","[(0, 52379), (2, 1804), (3, 2866), (7, 312), (8, 1692), (41, 1614), (42, 2921), (46, 300), (47, 1648)]"
coronal,36,"(256, 256)","(0.9375, 1.5, 0.9375)","[(0, 52084), (2, 1851), (3, 2858), (7, 452), (8, 1596), (41, 1610), (42, 3047), (46, 305), (47, 1733)]"
coronal,37,"(256, 256)","(0.9375, 1.5, 0.9375)","[(0, 51653), (2, 1670), (3, 3103), (7, 469), (8, 1791), (41, 1308), (42, 3432), (46, 387), (47, 1723)]"
coronal,38,"(256, 256)","(0.9375, 1.5, 0.9375)","[(0, 51427), (2, 1823), (3, 3104), (7, 527), (8, 1665), (41, 1607), (42, 3217), (46, 422), (47, 1744)]"
coronal,39,"(256, 256)","(0.9375, 1.5, 0.9375)","[(0, 51177), (2, 1979), (3, 3030), (7, 469), (8, 1747), (41, 1649), (42, 3358), (46, 410), (47, 1717)]"
coronal,40,"(256, 256)","(0.9375, 1.5, 0.9375)","[(0, 50973), (2, 2222), (3, 2836), (4, 48), (7, 429), (8, 1816), (41, 2013), (42, 2982), (43, 6), (46, 395), (47, 1816)]"
coronal,41,"(256, 256)","(0.9375, 1.5, 0.9375)","[(0, 50792), (2, 2285), (3, 2805), (4, 59), (7, 448), (8, 1885), (41, 2080), (42, 2958), (43, 28), (46, 393), (47, 1803)]"
coronal,42,"(256, 256)","(0.9375, 1.5, 0.9375)","[(0, 50643), (2, 2229), (3, 2933), (4, 74), (7, 475), (8, 1718), (41, 2021), (42, 3165), (43, 54), (46, 437), (47, 1787)]"
coronal,43,"(256, 256)","(0.9375, 1.5, 0.9375)","[(0, 50661), (2, 2236), (3, 2996), (4, 97), (7, 471), (8, 1735), (15, 41), (41, 2119), (42, 2977), (43, 102), (46, 434), (47, 1667)]"
coronal,44,"(256, 256)","(0.9375, 1.5, 0.9375)","[(0, 50476), (2, 2394), (3, 2973), (4, 117), (7, 448), (8, 1725), (15, 58), (41, 2237), (42, 2936), (43, 148), (46, 407), (47, 1617)]"
coronal,45,"(256, 256)","(0.9375, 1.5, 0.9375)","[(0, 50542), (2, 2339), (3, 3103), (4, 138), (7, 472), (8, 1543), (15, 68), (41, 2319), (42, 2913), (43, 179), (46, 459), (47, 1461)]"
coronal,46,"(256, 256)","(0.9375, 1.5, 0.9375)","[(0, 50743), (2, 2131), (3, 3270), (4, 150), (7, 497), (8, 1327), (15, 96), (17, 83), (41, 2273), (42, 2951), (43, 182), (46, 500), (47, 1265), (53, 68)]"
coronal,47,"(256, 256)","(0.9375, 1.5, 0.9375)","[(0, 50769), (2, 1978), (3, 3405), (4, 165), (7, 416), (8, 1283), (15, 126), (17, 149), (41, 1852), (42, 3355), (43, 183), (46, 408), (47, 1299), (53, 148)]"
coronal,48,"(256, 256)","(0.9375, 1.5, 0.9375)","[(0, 50772), (2, 2169), (3, 3245), (4, 108), (5, 9), (7, 394), (8, 976), (15, 249), (16, 396), (17, 176), (41, 1842), (42, 3517), (43, 126), (44, 15), (46, 412), (47, 1000), (53, 130)]"
coronal,49,"(256, 256)","(0.9375, 1.5, 0.9375)","[(0, 50676), (2, 2127), (3, 3298), (4, 85), (5, 2), (7, 262), (8, 941), (10, 154), (15, 207), (16, 787), (17, 76), (41, 1898), (42, 3448), (43, 107), (44, 9), (46, 314), (47, 970), (49, 79), (53, 96)]"
coronal,50,"(256, 256)","(0.9375, 1.5, 0.9375)","[(0, 50750), (2, 2113), (3, 3307), (4, 74), (5, 8), (7, 209), (8, 836), (10, 215), (15, 113), (16, 996), (17, 91), (41, 1845), (42, 3445), (43, 86), (44, 3), (46, 224), (47, 933), (49, 201), (53, 87)]"
coronal,51,"(256, 256)","(0.9375, 1.5, 0.9375)","[(0, 51167), (2, 2105), (3, 3197), (4, 65), (5, 4), (7, 181), (8, 732), (10, 224), (15, 30), (16, 1103), (17, 91), (41, 1857), (42, 3404), (43, 85), (46, 193), (47, 804), (49, 236), (53, 58)]"
coronal,52,"(256, 256)","(0.9375, 1.5, 0.9375)","[(0, 51346), (2, 2098), (3, 3183), (4, 49), (5, 2), (7, 176), (8, 666), (10, 296), (15, 18), (16, 1123), (17, 74), (41, 1991), (42, 3213), (43, 62), (44, 3), (46, 185), (47, 686), (49, 300), (53, 65)]"
coronal,53,"(256, 256)","(0.9375, 1.5, 0.9375)","[(0, 51501), (2, 2041), (3, 3207), (4, 37), (5, 3), (7, 171), (8, 465), (10, 329), (14, 19), (15, 8), (16, 1171), (17, 64), (24, 144), (41, 2117), (42, 3131), (43, 44), (44, 3), (46, 164), (47, 560), (49, 302), (53, 55)]"
coronal,54,"(256, 256)","(0.9375, 1.5, 0.9375)","[(0, 51844), (2, 2018), (3, 3233), (4, 31), (7, 148), (8, 329), (10, 364), (14, 18), (15, 6), (16, 1222), (17, 66), (24, 137), (41, 2036), (42, 3116), (43, 38), (46, 133), (47, 361), (49, 372), (53, 64)]"
coronal,55,"(256, 256)","(0.9375, 1.5, 0.9375)","[(0, 52068), (2, 2142), (3, 3071), (4, 30), (7, 90), (8, 187), (10, 306), (11, 5), (16, 1315), (17, 76), (24, 72), (28, 126), (41, 1876), (42, 3264), (43, 28), (46, 67), (47, 319), (49, 308), (50, 9), (53, 76), (60, 101)]"
coronal,56,"(256, 256)","(0.9375, 1.5, 0.9375)","[(0, 52314), (2, 2202), (3, 2922), (4, 20), (7, 100), (8, 109), (10, 345), (11, 6), (14, 52), (16, 994), (17, 102), (24, 43), (28, 238), (41, 1794), (42, 3286), (43, 25), (44, 2), (46, 68), (47, 243), (49, 345), (50, 7), (53, 79), (60, 240)]"
coronal,57,"(256, 256)","(0.9375, 1.5, 0.9375)","[(0, 52489), (2, 2066), (3, 3087), (4, 17), (5, 3), (7, 109), (10, 367), (11, 11), (12, 34), (14, 49), (16, 816), (17, 107), (24, 35), (28, 291), (41, 1782), (42, 3195), (43, 22), (44, 1), (46, 97), (47, 165), (49, 373), (50, 10), (51, 20), (53, 79), (60, 311)]"
coronal,58,"(256, 256)","(0.9375, 1.5, 0.9375)","[(0, 52752), (2, 2037), (3, 3108), (4, 13), (10, 380), (11, 13), (12, 40), (14, 39), (16, 896), (17, 112), (24, 24), (28, 255), (41, 2005), (42, 2985), (43, 22), (44, 4), (47, 79), (49, 349), (50, 16), (51, 24), (53, 107), (60, 276)]"
coronal,59,"(256, 256)","(0.9375, 1.5, 0.9375)","[(0, 52841), (2, 1890), (3, 3201), (4, 16), (5, 15), (10, 400), (11, 10), (12, 58), (13, 23), (14, 32), (16, 882), (17, 117), (24, 14), (28, 238), (41, 2127), (42, 2821), (43, 20), (44, 8), (47, 13), (49, 399), (50, 15), (51, 40), (53, 104), (60, 252)]"
coronal,60,"(256, 256)","(0.9375, 1.5, 0.9375)","[(0, 52832), (2, 1911), (3, 3240), (4, 12), (5, 12), (10, 340), (11, 10), (12, 84), (13, 26), (14, 17), (16, 759), (17, 176), (24, 10), (28, 228), (41, 2062), (42, 2937), (43, 16), (44, 12), (49, 405), (50, 17), (51, 63), (52, 10), (53, 134), (60, 223)]"
coronal,61,"(256, 256)","(0.9375, 1.5, 0.9375)","[(0, 52901), (2, 1955), (3, 3115), (4, 11), (5, 14), (10, 328), (11, 13), (12, 99), (13, 73), (14, 11), (16, 726), (17, 182), (24, 6), (28, 225), (41, 1990), (42, 3026), (43, 13), (44, 11), (49, 330), (50, 24), (51, 78), (52, 29), (53, 167), (60, 209)]"
coronal,62,"(256, 256)","(0.9375, 1.5, 0.9375)","[(0, 52991), (2, 2108), (3, 2982), (4, 14), (5, 18), (10, 310), (11, 10), (12, 116), (13, 66), (14, 10), (16, 632), (17, 181), (18, 5), (28, 224), (41, 1933), (42, 3075), (43, 11), (44, 7), (49, 303), (50, 18), (51, 89), (52, 73), (53, 162), (54, 5), (60, 193)]"
coronal,63,"(256, 256)","(0.9375, 1.5, 0.9375)","[(0, 53015), (2, 2040), (3, 3091), (4, 13), (5, 18), (10, 332), (11, 11), (12, 125), (13, 57), (14, 9), (16, 527), (17, 198), (18, 11), (28, 206), (41, 1952), (42, 2986), (43, 11), (44, 12), (49, 340), (50, 18), (51, 119), (52, 55), (53, 213), (54, 7), (60, 170)]"
coronal,64,"(256, 256)","(0.9375, 1.5, 0.9375)","[(0, 53178), (2, 2084), (3, 3094), (4, 22), (5, 13), (10, 263), (11, 17), (12, 123), (13, 75), (14, 13), (16, 429), (17, 185), (18, 62), (24, 5), (28, 180), (41, 2011), (42, 2874), (43, 15), (44, 13), (49, 288), (50, 21), (51, 128), (52, 83), (53, 180), (54, 21), (60, 159)]"
coronal,65,"(256, 256)","(0.9375, 1.5, 0.9375)","[(0, 53292), (2, 2152), (3, 3034), (4, 26), (5, 12), (10, 229), (11, 26), (12, 151), (13, 91), (14, 17), (16, 224), (17, 181), (18, 100), (24, 7), (28, 116), (41, 1972), (42, 3017), (43, 24), (44, 8), (49, 277), (50, 17), (51, 147), (52, 95), (53, 156), (54, 26), (60, 139)]"
coronal,66,"(256, 256)","(0.9375, 1.5, 0.9375)","[(0, 53390), (2, 2212), (3, 3104), (4, 30), (5, 10), (10, 215), (11, 31), (12, 133), (13, 93), (14, 22), (17, 100), (18, 176), (24, 5), (28, 120), (41, 1934), (42, 3031), (43, 27), (44, 17), (49, 261), (50, 31), (51, 139), (52, 101), (53, 102), (54, 139), (60, 113)]"
coronal,67,"(256, 256)","(0.9375, 1.5, 0.9375)","[(0, 53298), (2, 2202), (3, 3100), (4, 27), (10, 195), (11, 35), (12, 136), (13, 121), (14, 24), (17, 93), (18, 195), (24, 2), (28, 114), (41, 1875), (42, 3142), (43, 23), (44, 16), (49, 249), (50, 18), (51, 158), (52, 125), (53, 68), (54, 213), (60, 107)]"
coronal,68,"(256, 256)","(0.9375, 1.5, 0.9375)","[(0, 53405), (2, 2275), (3, 3068), (4, 33), (5, 3), (10, 125), (11, 49), (12, 143), (13, 112), (14, 55), (17, 63), (18, 210), (28, 110), (41, 1936), (42, 3041), (43, 28), (44, 10), (49, 163), (50, 48), (51, 147), (52, 132), (53, 58), (54, 211), (60, 111)]"
coronal,69,"(256, 256)","(0.9375, 1.5, 0.9375)","[(0, 53346), (2, 2338), (3, 2997), (4, 49), (10, 93), (11, 60), (12, 171), (13, 136), (14, 52), (18, 277), (28, 99), (41, 2071), (42, 2965), (43, 55), (49, 117), (50, 55), (51, 197), (52, 111), (53, 40), (54, 195), (60, 112)]"
coronal,70,"(256, 256)","(0.9375, 1.5, 0.9375)","[(0, 53367), (2, 2017), (3, 3237), (4, 73), (10, 74), (11, 56), (12, 194), (13, 100), (14, 53), (18, 219), (28, 143), (41, 2003), (42, 3154), (43, 70), (49, 64), (50, 68), (51, 153), (52, 97), (54, 268), (60, 118), (62, 8)]"
coronal,71,"(256, 256)","(0.9375, 1.5, 0.9375)","[(0, 53592), (2, 2108), (3, 3235), (4, 73), (11, 68), (12, 186), (13, 94), (14, 42), (18, 116), (28, 92), (41, 2200), (42, 3008), (43, 78), (50, 72), (51, 167), (52, 110), (54, 198), (60, 90), (62, 7)]"
coronal,72,"(256, 256)","(0.9375, 1.5, 0.9375)","[(0, 53856), (2, 2073), (3, 3359), (4, 91), (11, 72), (12, 210), (13, 67), (41, 1998), (42, 3202), (43, 92), (50, 78), (51, 226), (52, 70), (54, 142)]"
coronal,73,"(256, 256)","(0.9375, 1.5, 0.9375)","[(0, 54031), (2, 1907), (3, 3402), (4, 97), (11, 89), (12, 257), (13, 48), (41, 1779), (42, 3476), (43, 105), (50, 80), (51, 221), (52, 44)]"
coronal,74,"(256, 256)","(0.9375, 1.5, 0.9375)","[(0, 54147), (2, 1932), (3, 3170), (4, 97), (11, 109), (12, 269), (13, 41), (26, 59), (41, 1650), (42, 3481), (43, 111), (50, 103), (51, 275), (52, 33), (58, 59)]"
coronal,75,"(256, 256)","(0.9375, 1.5, 0.9375)","[(0, 54257), (2, 1758), (3, 3241), (4, 103), (11, 141), (12, 294), (13, 32), (26, 48), (41, 1570), (42, 3506), (43, 114), (50, 122), (51, 316), (58, 34)]"
coronal,76,"(256, 256)","(0.9375, 1.5, 0.9375)","[(0, 54220), (2, 1728), (3, 3427), (4, 99), (11, 145), (12, 231), (26, 48), (41, 1525), (42, 3548), (43, 121), (50, 137), (51, 282), (58, 25)]"
coronal,77,"(256, 256)","(0.9375, 1.5, 0.9375)","[(0, 54379), (2, 1629), (3, 3380), (4, 88), (11, 176), (12, 220), (26, 47), (41, 1643), (42, 3433), (43, 103), (50, 151), (51, 256), (58, 31)]"
coronal,78,"(256, 256)","(0.9375, 1.5, 0.9375)","[(0, 54642), (2, 1626), (3, 3337), (4, 72), (11, 189), (12, 179), (26, 49), (41, 1641), (42, 3283), (43, 81), (50, 169), (51, 209), (58, 59)]"
coronal,79,"(256, 256)","(0.9375, 1.5, 0.9375)","[(0, 55036), (2, 1652), (3, 3142), (4, 58), (11, 222), (12, 140), (26, 30), (41, 1690), (42, 3060), (43, 72), (50, 211), (51, 185), (58, 38)]"
coronal,80,"(256, 256)","(0.9375, 1.5, 0.9375)","[(0, 55389), (2, 1403), (3, 3220), (4, 48), (11, 218), (12, 120), (26, 39), (41, 1573), (42, 3075), (43, 55), (50, 213), (51, 160), (58, 23)]"
coronal,81,"(256, 256)","(0.9375, 1.5, 0.9375)","[(0, 55600), (2, 1522), (3, 3108), (4, 34), (11, 179), (12, 69), (26, 30), (41, 1675), (42, 3011), (43, 48), (50, 145), (51, 97), (58, 18)]"
coronal,82,"(256, 256)","(0.9375, 1.5, 0.9375)","[(0, 55770), (2, 1478), (3, 3130), (4, 23), (11, 169), (12, 33), (26, 41), (41, 1446), (42, 3123), (43, 34), (50, 171), (51, 84), (58, 34)]"
coronal,83,"(256, 256)","(0.9375, 1.5, 0.9375)","[(0, 55867), (2, 1599), (3, 3020), (4, 11), (11, 139), (12, 20), (26, 40), (41, 1465), (42, 3140), (43, 20), (50, 140), (51, 37), (58, 38)]"
coronal,84,"(256, 256)","(0.9375, 1.5, 0.9375)","[(0, 56130), (2, 1722), (3, 2853), (4, 16), (11, 100), (41, 1513), (42, 3043), (43, 9), (50, 100), (51, 12), (58, 38)]"
coronal,85,"(256, 256)","(0.9375, 1.5, 0.9375)","[(0, 56437), (2, 1683), (3, 2825), (4, 25), (11, 60), (41, 1559), (42, 2825), (43, 6), (50, 116)]"
coronal,86,"(256, 256)","(0.9375, 1.5, 0.9375)","[(0, 56780), (2, 1739), (3, 2613), (4, 39), (41, 1597), (42, 2698), (43, 11), (50, 59)]"
coronal,87,"(256, 256)","(0.9375, 1.5, 0.9375)","[(0, 57123), (2, 1609), (3, 2534), (4, 30), (41, 1539), (42, 2676), (43, 25)]"
coronal,88,"(256, 256)","(0.9375, 1.5, 0.9375)","[(0, 57356), (2, 1510), (3, 2507), (4, 6), (41, 1527), (42, 2608), (43, 22)]"
coronal,89,"(256, 256)","(0.9375, 1.5, 0.9375)","[(0, 57540), (2, 1427), (3, 2487), (41, 1410), (42, 2667), (43, 5)]"
coronal,90,"(256, 256)","(0.9375, 1.5, 0.9375)","[(0, 57945), (2, 1330), (3, 2336), (41, 1324), (42, 2601)]"
coronal,91,"(256, 256)","(0.9375, 1.5, 0.9375)","[(0, 58131), (2, 1253), (3, 2358), (41, 1319), (42, 2475)]"
coronal,92,"(256, 256)","(0.9375, 1.5, 0.9375)","[(0, 58256), (2, 1156), (3, 2467), (41, 1248), (42, 2409)]"
coronal,93,"(256, 256)","(0.9375, 1.5, 0.9375)","[(0, 58451), (2, 1125), (3, 2409), (41, 1215), (42, 2336)]"
coronal,94,"(256, 256)","(0.9375, 1.5, 0.9375)","[(0, 58574), (2, 1098), (3, 2334), (41, 1031), (42, 2499)]"
coronal,95,"(256, 256)","(0.9375, 1.5, 0.9375)","[(0, 58716), (2, 1162), (3, 2229), (41, 1107), (42, 2322)]"
coronal,96,"(256, 256)","(0.9375, 1.5, 0.9375)","[(0, 58875), (2, 1038), (3, 2284), (41, 1049), (42, 2290)]"
coronal,97,"(256, 256)","(0.9375, 1.5, 0.9375)","[(0, 58976), (2, 953), (3, 2220), (41, 1001), (42, 2386)]"
coronal,98,"(256, 256)","(0.9375, 1.5, 0.9375)","[(0, 59187), (2, 818), (3, 2242), (41, 901), (42, 2388)]"
coronal,99,"(256, 256)","(0.9375, 1.5, 0.9375)","[(0, 59300), (2, 699), (3, 2322), (41, 793), (42, 2422)]"
coronal,100,"(256, 256)","(0.9375, 1.5, 0.9375)","[(0, 59671), (2, 619), (3, 2223), (41, 683), (42, 2340)]"
coronal,101,"(256, 256)","(0.9375, 1.5, 0.9375)","[(0, 59946), (2, 585), (3, 2155), (41, 736), (42, 2114)]"
coronal,102,"(256, 256)","(0.9375, 1.5, 0.9375)","[(0, 60229), (2, 518), (3, 1990), (41, 688), (42, 2111)]"
coronal,103,"(256, 256)","(0.9375, 1.5, 0.9375)","[(0, 60544), (2, 466), (3, 1880), (41, 617), (42, 2029)]"
coronal,104,"(256, 256)","(0.9375, 1.5, 0.9375)","[(0, 60866), (2, 442), (3, 1842), (41, 534), (42, 1852)]"
coronal,105,"(256, 256)","(0.9375, 1.5, 0.9375)","[(0, 61115), (2, 417), (3, 1686), (41, 452), (42, 1866)]"
coronal,106,"(256, 256)","(0.9375, 1.5, 0.9375)","[(0, 61289), (2, 404), (3, 1664), (41, 388), (42, 1791)]"
coronal,107,"(256, 256)","(0.9375, 1.5, 0.9375)","[(0, 61436), (2, 366), (3, 1612), (41, 394), (42, 1728)]"
coronal,108,"(256, 256)","(0.9375, 1.5, 0.9375)","[(0, 61670), (2, 329), (3, 1483), (41, 381), (42, 1673)]"
coronal,109,"(256, 256)","(0.9375, 1.5, 0.9375)","[(0, 61869), (2, 185), (3, 1523), (41, 282), (42, 1677)]"
coronal,110,"(256, 256)","(0.9375, 1.5, 0.9375)","[(0, 62127), (2, 114), (3, 1467), (41, 238), (42, 1590)]"
coronal,111,"(256, 256)","(0.9375, 1.5, 0.9375)","[(0, 62569), (2, 105), (3, 1237), (41, 155), (42, 1470)]"
coronal,112,"(256, 256)","(0.9375, 1.5, 0.9375)","[(0, 62826), (2, 71), (3, 1187), (41, 132), (42, 1320)]"
coronal,113,"(256, 256)","(0.9375, 1.5, 0.9375)","[(0, 63113), (2, 31), (3, 1069), (41, 89), (42, 1234)]"
coronal,114,"(256, 256)","(0.9375, 1.5, 0.9375)","[(0, 63702), (2, 47), (3, 794), (41, 78), (42, 915)]"
coronal,115,"(256, 256)","(0.9375, 1.5, 0.9375)","[(0, 64191), (2, 16), (3, 498), (41, 54), (42, 777)]"
coronal,116,"(256, 256)","(0.9375, 1.5, 0.9375)","[(0, 64802), (3, 223), (41, 10), (42, 501)]"
coronal,117,"(256, 256)","(0.9375, 1.5, 0.9375)","[(0, 65378), (42, 158)]"
coronal,118,"(256, 256)","(0.9375, 1.5, 0.9375)","[(0, 65536)]"
coronal,119,"(256, 256)","(0.9375, 1.5, 0.9375)","[(0, 65536)]"
coronal,120,"(256, 256)","(0.9375, 1.5, 0.9375)","[(0, 65536)]"
coronal,121,"(256, 256)","(0.9375, 1.5, 0.9375)","[(0, 65536)]"
coronal,122,"(256, 256)","(0.9375, 1.5, 0.9375)","[(0, 65536)]"
coronal,123,"(256, 256)","(0.9375, 1.5, 0.9375)","[(0, 65536)]"
coronal,124,"(256, 256)","(0.9375, 1.5, 0.9375)","[(0, 65536)]"
coronal,125,"(256, 256)","(0.9375, 1.5, 0.9375)","[(0, 65536)]"
coronal,126,"(256, 256)","(0.9375, 1.5, 0.9375)","[(0, 65536)]"
coronal,127,"(256, 256)","(0.9375, 1.5, 0.9375)","[(0, 65536)]"
axial,0,"(256, 128)","(0.9375, 1.5, 0.9375)","[(0, 32768)]"
axial,1,"(256, 128)","(0.9375, 1.5, 0.9375)","[(0, 32768)]"
axial,2,"(256, 128)","(0.9375, 1.5, 0.9375)","[(0, 32768)]"
axial,3,"(256, 128)","(0.9375, 1.5, 0.9375)","[(0, 32768)]"
axial,4,"(256, 128)","(0.9375, 1.5, 0.9375)","[(0, 32768)]"
axial,5,"(256, 128)","(0.9375, 1.5, 0.9375)","[(0, 32768)]"
axial,6,"(256, 128)","(0.9375, 1.5, 0.9375)","[(0, 32768)]"
axial,7,"(256, 128)","(0.9375, 1.5, 0.9375)","[(0, 32768)]"
axial,8,"(256, 128)","(0.9375, 1.5, 0.9375)","[(0, 32768)]"
axial,9,"(256, 128)","(0.9375, 1.5, 0.9375)","[(0, 32768)]"
axial,10,"(256, 128)","(0.9375, 1.5, 0.9375)","[(0, 32768)]"
axial,11,"(256, 128)","(0.9375, 1.5, 0.9375)","[(0, 32768)]"
axial,12,"(256, 128)","(0.9375, 1.5, 0.9375)","[(0, 32768)]"
axial,13,"(256, 128)","(0.9375, 1.5, 0.9375)","[(0, 32768)]"
axial,14,"(256, 128)","(0.9375, 1.5, 0.9375)","[(0, 32768)]"
axial,15,"(256, 128)","(0.9375, 1.5, 0.9375)","[(0, 32768)]"
axial,16,"(256, 128)","(0.9375, 1.5, 0.9375)","[(0, 32768)]"
axial,17,"(256, 128)","(0.9375, 1.5, 0.9375)","[(0, 32768)]"
axial,18,"(256, 128)","(0.9375, 1.5, 0.9375)","[(0, 32768)]"
axial,19,"(256, 128)","(0.9375, 1.5, 0.9375)","[(0, 32768)]"
axial,20,"(256, 128)","(0.9375, 1.5, 0.9375)","[(0, 32768)]"
axial,21,"(256, 128)","(0.9375, 1.5, 0.9375)","[(0, 32768)]"
axial,22,"(256, 128)","(0.9375, 1.5, 0.9375)","[(0, 32768)]"
axial,23,"(256, 128)","(0.9375, 1.5, 0.9375)","[(0, 32768)]"
axial,24,"(256, 128)","(0.9375, 1.5, 0.9375)","[(0, 32768)]"
axial,25,"(256, 128)","(0.9375, 1.5, 0.9375)","[(0, 32768)]"
axial,26,"(256, 128)","(0.9375, 1.5, 0.9375)","[(0, 32768)]"
axial,27,"(256, 128)","(0.9375, 1.5, 0.9375)","[(0, 32768)]"
axial,28,"(256, 128)","(0.9375, 1.5, 0.9375)","[(0, 32768)]"
axial,29,"(256, 128)","(0.9375, 1.5, 0.9375)","[(0, 32768)]"
axial,30,"(256, 128)","(0.9375, 1.5, 0.9375)","[(0, 32768)]"
axial,31,"(256, 128)","(0.9375, 1.5, 0.9375)","[(0, 32768)]"
axial,32,"(256, 128)","(0.9375, 1.5, 0.9375)","[(0, 32768)]"
axial,33,"(256, 128)","(0.9375, 1.5, 0.9375)","[(0, 32768)]"
axial,34,"(256, 128)","(0.9375, 1.5, 0.9375)","[(0, 32768)]"
axial,35,"(256, 128)","(0.9375, 1.5, 0.9375)","[(0, 32768)]"
axial,36,"(256, 128)","(0.9375, 1.5, 0.9375)","[(0, 32768)]"
axial,37,"(256, 128)","(0.9375, 1.5, 0.9375)","[(0, 32768)]"
axial,38,"(256, 128)","(0.9375, 1.5, 0.9375)","[(0, 32768)]"
axial,39,"(256, 128)","(0.9375, 1.5, 0.9375)","[(0, 32768)]"
axial,40,"(256, 128)","(0.9375, 1.5, 0.9375)","[(0, 32768)]"
axial,41,"(256, 128)","(0.9375, 1.5, 0.9375)","[(0, 32768)]"
axial,42,"(256, 128)","(0.9375, 1.5, 0.9375)","[(0, 32768)]"
axial,43,"(256, 128)","(0.9375, 1.5, 0.9375)","[(0, 32768)]"
axial,44,"(256, 128)","(0.9375, 1.5, 0.9375)","[(0, 32768)]"
axial,45,"(256, 128)","(0.9375, 1.5, 0.9375)","[(0, 32768)]"
axial,46,"(256, 128)","(0.9375, 1.5, 0.9375)","[(0, 32768)]"
axial,47,"(256, 128)","(0.9375, 1.5, 0.9375)","[(0, 32768)]"
axial,48,"(256, 128)","(0.9375, 1.5, 0.9375)","[(0, 32768)]"
axial,49,"(256, 128)","(0.9375, 1.5, 0.9375)","[(0, 32768)]"
axial,50,"(256, 128)","(0.9375, 1.5, 0.9375)","[(0, 32768)]"
axial,51,"(256, 128)","(0.9375, 1.5, 0.9375)","[(0, 32768)]"
axial,52,"(256, 128)","(0.9375, 1.5, 0.9375)","[(0, 32768)]"
axial,53,"(256, 128)","(0.9375, 1.5, 0.9375)","[(0, 32768)]"
axial,54,"(256, 128)","(0.9375, 1.5, 0.9375)","[(0, 32768)]"
axial,55,"(256, 128)","(0.9375, 1.5, 0.9375)","[(0, 32768)]"
axial,56,"(256, 128)","(0.9375, 1.5, 0.9375)","[(0, 32768)]"
axial,57,"(256, 128)","(0.9375, 1.5, 0.9375)","[(0, 32768)]"
axial,58,"(256, 128)","(0.9375, 1.5, 0.9375)","[(0, 32768)]"
axial,59,"(256, 128)","(0.9375, 1.5, 0.9375)","[(0, 32768)]"
axial,60,"(256, 128)","(0.9375, 1.5, 0.9375)","[(0, 32768)]"
axial,61,"(256, 128)","(0.9375, 1.5, 0.9375)","[(0, 32768)]"
axial,62,"(256, 128)","(0.9375, 1.5, 0.9375)","[(0, 32768)]"
axial,63,"(256, 128)","(0.9375, 1.5, 0.9375)","[(0, 32768)]"
axial,64,"(256, 128)","(0.9375, 1.5, 0.9375)","[(0, 32768)]"
axial,65,"(256, 128)","(0.9375, 1.5, 0.9375)","[(0, 32768)]"
axial,66,"(256, 128)","(0.9375, 1.5, 0.9375)","[(0, 32764), (8, 4)]"
axial,67,"(256, 128)","(0.9375, 1.5, 0.9375)","[(0, 32716), (8, 30), (16, 12), (47, 10)]"
axial,68,"(256, 128)","(0.9375, 1.5, 0.9375)","[(0, 32615), (8, 55), (16, 16), (47, 82)]"
axial,69,"(256, 128)","(0.9375, 1.5, 0.9375)","[(0, 32439), (8, 94), (16, 25), (47, 210)]"
axial,70,"(256, 128)","(0.9375, 1.5, 0.9375)","[(0, 32276), (8, 148), (16, 44), (47, 300)]"
axial,71,"(256, 128)","(0.9375, 1.5, 0.9375)","[(0, 32022), (8, 291), (16, 55), (47, 400)]"
axial,72,"(256, 128)","(0.9375, 1.5, 0.9375)","[(0, 31760), (8, 447), (16, 63), (47, 498)]"
axial,73,"(256, 128)","(0.9375, 1.5, 0.9375)","[(0, 31474), (8, 604), (16, 91), (47, 599)]"
axial,74,"(256, 128)","(0.9375, 1.5, 0.9375)","[(0, 31229), (8, 717), (16, 104), (47, 718)]"
axial,75,"(256, 128)","(0.9375, 1.5, 0.9375)","[(0, 31015), (8, 813), (16, 115), (47, 825)]"
axial,76,"(256, 128)","(0.9375, 1.5, 0.9375)","[(0, 30826), (8, 905), (16, 127), (47, 910)]"
axial,77,"(256, 128)","(0.9375, 1.5, 0.9375)","[(0, 30634), (7, 3), (8, 991), (16, 137), (47, 1003)]"
axial,78,"(256, 128)","(0.9375, 1.5, 0.9375)","[(0, 30452), (7, 2), (8, 1076), (16, 151), (47, 1087)]"
axial,79,"(256, 128)","(0.9375, 1.5, 0.9375)","[(0, 30291), (7, 2), (8, 1153), (16, 157), (47, 1165)]"
axial,80,"(256, 128)","(0.9375, 1.5, 0.9375)","[(0, 30150), (3, 6), (8, 1224), (16, 170), (46, 2), (47, 1216)]"
axial,81,"(256, 128)","(0.9375, 1.5, 0.9375)","[(0, 30006), (3, 22), (8, 1278), (16, 182), (42, 5), (46, 5), (47, 1270)]"
axial,82,"(256, 128)","(0.9375, 1.5, 0.9375)","[(0, 29798), (3, 72), (7, 6), (8, 1311), (16, 185), (42, 55), (46, 7), (47, 1334)]"
axial,83,"(256, 128)","(0.9375, 1.5, 0.9375)","[(0, 29502), (3, 172), (7, 13), (8, 1370), (15, 3), (16, 183), (42, 125), (46, 17), (47, 1383)]"
axial,84,"(256, 128)","(0.9375, 1.5, 0.9375)","[(0, 29205), (3, 260), (7, 48), (8, 1416), (15, 4), (16, 185), (42, 188), (46, 42), (47, 1420)]"
axial,85,"(256, 128)","(0.9375, 1.5, 0.9375)","[(0, 28988), (2, 1), (3, 327), (7, 104), (8, 1415), (15, 6), (16, 187), (42, 234), (46, 101), (47, 1405)]"
axial,86,"(256, 128)","(0.9375, 1.5, 0.9375)","[(0, 28796), (2, 2), (3, 374), (7, 161), (8, 1403), (15, 6), (16, 203), (42, 283), (46, 218), (47, 1322)]"
axial,87,"(256, 128)","(0.9375, 1.5, 0.9375)","[(0, 28547), (2, 2), (3, 457), (7, 253), (8, 1352), (15, 6), (16, 228), (41, 1), (42, 345), (46, 294), (47, 1283)]"
axial,88,"(256, 128)","(0.9375, 1.5, 0.9375)","[(0, 28293), (3, 507), (7, 342), (8, 1309), (15, 6), (16, 268), (41, 3), (42, 426), (46, 392), (47, 1222)]"
axial,89,"(256, 128)","(0.9375, 1.5, 0.9375)","[(0, 28101), (2, 12), (3, 525), (7, 458), (8, 1221), (15, 6), (16, 305), (41, 3), (42, 495), (46, 501), (47, 1141)]"
axial,90,"(256, 128)","(0.9375, 1.5, 0.9375)","[(0, 27907), (2, 36), (3, 543), (7, 593), (8, 1109), (15, 6), (16, 328), (41, 2), (42, 556), (46, 641), (47, 1047)]"
axial,91,"(256, 128)","(0.9375, 1.5, 0.9375)","[(0, 27715), (2, 55), (3, 577), (7, 624), (8, 1099), (15, 7), (16, 357), (41, 8), (42, 612), (46, 672), (47, 1042)]"
axial,92,"(256, 128)","(0.9375, 1.5, 0.9375)","[(0, 27514), (2, 76), (3, 627), (7, 659), (8, 1106), (15, 9), (16, 375), (41, 21), (42, 648), (46, 624), (47, 1109)]"
axial,93,"(256, 128)","(0.9375, 1.5, 0.9375)","[(0, 27329), (2, 96), (3, 662), (7, 647), (8, 1149), (15, 12), (16, 397), (41, 45), (42, 675), (46, 553), (47, 1203)]"
axial,94,"(256, 128)","(0.9375, 1.5, 0.9375)","[(0, 27172), (2, 108), (3, 701), (7, 589), (8, 1233), (15, 14), (16, 413), (41, 77), (42, 685), (46, 505), (47, 1271)]"
axial,95,"(256, 128)","(0.9375, 1.5, 0.9375)","[(0, 26998), (2, 129), (3, 764), (7, 545), (8, 1277), (15, 23), (16, 429), (41, 96), (42, 733), (46, 461), (47, 1313)]"
axial,96,"(256, 128)","(0.9375, 1.5, 0.9375)","[(0, 26855), (2, 167), (3, 802), (7, 526), (8, 1285), (15, 32), (16, 442), (41, 123), (42, 769), (46, 443), (47, 1324)]"
axial,97,"(256, 128)","(0.9375, 1.5, 0.9375)","[(0, 26717), (2, 209), (3, 872), (7, 494), (8, 1261), (15, 43), (16, 448), (41, 158), (42, 815), (46, 425), (47, 1326)]"
axial,98,"(256, 128)","(0.9375, 1.5, 0.9375)","[(0, 26579), (2, 243), (3, 1006), (7, 467), (8, 1197), (15, 48), (16, 446), (41, 173), (42, 878), (46, 405), (47, 1326)]"
axial,99,"(256, 128)","(0.9375, 1.5, 0.9375)","[(0, 26313), (2, 281), (3, 1255), (7, 451), (8, 1103), (15, 64), (16, 443), (41, 199), (42, 969), (46, 385), (47, 1305)]"
axial,100,"(256, 128)","(0.9375, 1.5, 0.9375)","[(0, 25950), (2, 322), (3, 1540), (7, 421), (8, 1009), (15, 83), (16, 446), (41, 209), (42, 1165), (46, 373), (47, 1250)]"
axial,101,"(256, 128)","(0.9375, 1.5, 0.9375)","[(0, 25435), (2, 351), (3, 1906), (7, 396), (8, 929), (15, 89), (16, 442), (41, 230), (42, 1437), (46, 307), (47, 1246)]"
axial,102,"(256, 128)","(0.9375, 1.5, 0.9375)","[(0, 24926), (2, 382), (3, 2209), (7, 363), (8, 882), (15, 89), (16, 444), (17, 4), (18, 7), (41, 235), (42, 1804), (46, 264), (47, 1159)]"
axial,103,"(256, 128)","(0.9375, 1.5, 0.9375)","[(0, 24349), (2, 427), (3, 2540), (7, 326), (8, 821), (15, 84), (16, 438), (17, 24), (18, 14), (41, 281), (42, 2192), (46, 223), (47, 1049)]"
axial,104,"(256, 128)","(0.9375, 1.5, 0.9375)","[(0, 23903), (2, 498), (3, 2756), (7, 319), (8, 754), (15, 69), (16, 431), (17, 34), (18, 20), (41, 326), (42, 2506), (46, 163), (47, 972), (53, 6), (54, 11)]"
axial,105,"(256, 128)","(0.9375, 1.5, 0.9375)","[(0, 23561), (2, 570), (3, 2920), (7, 259), (8, 740), (15, 52), (16, 431), (17, 46), (18, 26), (41, 382), (42, 2718), (44, 8), (46, 148), (47, 862), (53, 21), (54, 24)]"
axial,106,"(256, 128)","(0.9375, 1.5, 0.9375)","[(0, 23297), (2, 605), (3, 3056), (7, 195), (8, 739), (15, 39), (16, 433), (17, 63), (18, 35), (41, 479), (42, 2846), (44, 10), (46, 133), (47, 774), (53, 35), (54, 29)]"
axial,107,"(256, 128)","(0.9375, 1.5, 0.9375)","[(0, 23064), (2, 684), (3, 3127), (7, 159), (8, 701), (15, 29), (16, 421), (17, 81), (18, 43), (41, 543), (42, 3033), (44, 9), (46, 107), (47, 674), (53, 55), (54, 38)]"
axial,108,"(256, 128)","(0.9375, 1.5, 0.9375)","[(0, 22845), (2, 795), (3, 3154), (7, 119), (8, 652), (15, 18), (16, 416), (17, 101), (18, 57), (41, 602), (42, 3199), (44, 10), (46, 82), (47, 601), (53, 68), (54, 49)]"
axial,109,"(256, 128)","(0.9375, 1.5, 0.9375)","[(0, 22556), (2, 949), (3, 3161), (5, 7), (7, 84), (8, 619), (15, 14), (16, 408), (17, 110), (18, 76), (41, 683), (42, 3367), (44, 6), (46, 52), (47, 527), (53, 84), (54, 65)]"
axial,110,"(256, 128)","(0.9375, 1.5, 0.9375)","[(0, 22248), (2, 1094), (3, 3208), (5, 8), (7, 68), (8, 566), (15, 10), (16, 399), (17, 121), (18, 91), (41, 787), (42, 3475), (44, 3), (46, 39), (47, 473), (53, 92), (54, 86)]"
axial,111,"(256, 128)","(0.9375, 1.5, 0.9375)","[(0, 21927), (2, 1148), (3, 3318), (5, 11), (7, 33), (8, 533), (15, 10), (16, 378), (17, 144), (18, 103), (28, 4), (41, 848), (42, 3640), (46, 27), (47, 429), (53, 104), (54, 111)]"
axial,112,"(256, 128)","(0.9375, 1.5, 0.9375)","[(0, 21685), (2, 1260), (3, 3393), (5, 11), (7, 27), (8, 489), (15, 10), (16, 350), (17, 153), (18, 113), (28, 17), (41, 968), (42, 3644), (46, 23), (47, 383), (53, 116), (54, 123), (60, 3)]"
axial,113,"(256, 128)","(0.9375, 1.5, 0.9375)","[(0, 21432), (2, 1404), (3, 3409), (5, 8), (7, 17), (8, 438), (15, 14), (16, 273), (17, 151), (18, 118), (28, 65), (41, 1113), (42, 3668), (44, 1), (46, 18), (47, 348), (53, 127), (54, 130), (60, 34)]"
axial,114,"(256, 128)","(0.9375, 1.5, 0.9375)","[(0, 21196), (2, 1536), (3, 3423), (5, 4), (7, 11), (8, 398), (15, 15), (16, 166), (17, 157), (18, 113), (28, 117), (41, 1161), (42, 3785), (44, 3), (46, 14), (47, 304), (53, 139), (54, 130), (60, 96)]"
axial,115,"(256, 128)","(0.9375, 1.5, 0.9375)","[(0, 21002), (2, 1687), (3, 3385), (5, 2), (7, 5), (8, 353), (14, 3), (15, 19), (16, 159), (17, 169), (18, 114), (28, 135), (41, 1328), (42, 3750), (44, 2), (46, 17), (47, 251), (53, 142), (54, 132), (60, 113)]"
axial,116,"(256, 128)","(0.9375, 1.5, 0.9375)","[(0, 20815), (2, 1799), (3, 3388), (5, 3), (7, 4), (8, 319), (14, 6), (15, 17), (16, 161), (17, 164), (18, 113), (28, 158), (41, 1535), (42, 3639), (44, 5), (46, 5), (47, 218), (51, 1), (53, 157), (54, 119), (60, 142)]"
axial,117,"(256, 128)","(0.9375, 1.5, 0.9375)","[(0, 20587), (2, 1928), (3, 3425), (5, 4), (7, 2), (8, 276), (12, 1), (14, 13), (15, 9), (16, 173), (17, 154), (18, 100), (28, 190), (41, 1717), (42, 3542), (44, 5), (47, 192), (51, 3), (53, 165), (54, 103), (60, 179)]"
axial,118,"(256, 128)","(0.9375, 1.5, 0.9375)","[(0, 20398), (2, 2094), (3, 3373), (5, 12), (8, 251), (12, 7), (14, 11), (15, 6), (16, 152), (17, 143), (18, 94), (26, 1), (28, 237), (41, 1882), (42, 3479), (44, 8), (47, 158), (51, 3), (53, 139), (54, 98), (60, 222)]"
axial,119,"(256, 128)","(0.9375, 1.5, 0.9375)","[(0, 20281), (2, 2180), (3, 3369), (5, 26), (8, 226), (12, 16), (14, 11), (15, 8), (16, 157), (17, 126), (18, 64), (26, 10), (28, 246), (41, 2024), (42, 3429), (44, 28), (47, 136), (51, 5), (53, 111), (54, 75), (60, 240)]"
axial,120,"(256, 128)","(0.9375, 1.5, 0.9375)","[(0, 20186), (2, 2306), (3, 3312), (5, 22), (8, 203), (12, 33), (14, 11), (15, 8), (16, 162), (17, 100), (18, 38), (26, 20), (28, 249), (41, 2122), (42, 3416), (44, 23), (47, 118), (51, 27), (53, 106), (54, 53), (60, 253)]"
axial,121,"(256, 128)","(0.9375, 1.5, 0.9375)","[(0, 20141), (2, 2450), (3, 3212), (5, 7), (8, 180), (10, 1), (12, 68), (14, 15), (15, 7), (16, 162), (17, 85), (18, 15), (26, 33), (28, 246), (41, 2306), (42, 3256), (47, 98), (51, 90), (53, 103), (54, 28), (58, 12), (60, 253)]"
axial,122,"(256, 128)","(0.9375, 1.5, 0.9375)","[(0, 20094), (2, 2526), (3, 3145), (5, 4), (8, 158), (10, 14), (11, 1), (12, 102), (14, 17), (15, 8), (16, 154), (17, 80), (18, 11), (26, 47), (28, 234), (41, 2407), (42, 3173), (44, 3), (47, 81), (51, 126), (53, 94), (54, 14), (58, 27), (60, 245), (62, 3)]"
axial,123,"(256, 128)","(0.9375, 1.5, 0.9375)","[(0, 20087), (2, 2495), (3, 3131), (5, 3), (8, 132), (10, 28), (11, 3), (12, 142), (13, 1), (14, 18), (15, 7), (16, 138), (17, 80), (18, 4), (26, 65), (28, 223), (41, 2458), (42, 3125), (44, 3), (47, 68), (49, 5), (51, 166), (52, 4), (53, 89), (54, 7), (58, 54), (60, 226), (62, 6)]"
axial,124,"(256, 128)","(0.9375, 1.5, 0.9375)","[(0, 20118), (2, 2473), (3, 3119), (5, 3), (8, 110), (10, 35), (11, 10), (12, 160), (13, 21), (14, 23), (15, 8), (16, 128), (17, 68), (18, 2), (26, 69), (28, 205), (41, 2463), (42, 3088), (44, 4), (47, 53), (49, 18), (50, 5), (51, 192), (52, 40), (53, 80), (58, 62), (60, 206), (62, 5)]"
axial,125,"(256, 128)","(0.9375, 1.5, 0.9375)","[(0, 20120), (2, 2371), (3, 3134), (4, 3), (5, 4), (8, 98), (10, 56), (11, 17), (12, 184), (13, 66), (14, 26), (15, 3), (16, 96), (17, 54), (26, 66), (28, 209), (41, 2452), (42, 3084), (43, 1), (44, 7), (47, 45), (49, 31), (50, 18), (51, 205), (52, 71), (53, 66), (58, 69), (60, 211), (62, 1)]"
axial,126,"(256, 128)","(0.9375, 1.5, 0.9375)","[(0, 20124), (2, 2284), (3, 3161), (4, 8), (5, 3), (8, 83), (10, 85), (11, 29), (12, 195), (13, 104), (14, 33), (16, 86), (17, 46), (26, 52), (28, 191), (41, 2311), (42, 3204), (43, 3), (44, 5), (47, 39), (49, 42), (50, 30), (51, 211), (52, 96), (53, 72), (58, 65), (60, 206)]"
axial,127,"(256, 128)","(0.9375, 1.5, 0.9375)","[(0, 20111), (2, 2228), (3, 3183), (4, 23), (5, 3), (8, 67), (10, 135), (11, 48), (12, 204), (13, 132), (14, 46), (16, 67), (17, 40), (26, 31), (28, 140), (41, 2138), (42, 3379), (43, 23), (44, 5), (47, 35), (49, 75), (50, 49), (51, 215), (52, 113), (53, 66), (58, 49), (60, 163)]"
axial,128,"(256, 128)","(0.9375, 1.5, 0.9375)","[(0, 20132), (2, 2194), (3, 3175), (4, 58), (5, 1), (8, 43), (10, 197), (11, 65), (12, 206), (13, 134), (14, 48), (16, 45), (17, 47), (24, 2), (26, 18), (28, 81), (41, 2015), (42, 3511), (43, 39), (44, 2), (47, 27), (49, 160), (50, 62), (51, 220), (52, 124), (53, 47), (58, 32), (60, 83)]"
axial,129,"(256, 128)","(0.9375, 1.5, 0.9375)","[(0, 20168), (2, 2160), (3, 3166), (4, 71), (8, 19), (10, 259), (11, 74), (12, 206), (13, 143), (14, 46), (16, 11), (17, 54), (24, 19), (26, 11), (28, 32), (41, 1954), (42, 3557), (43, 47), (44, 2), (47, 25), (49, 229), (50, 74), (51, 223), (52, 127), (53, 47), (58, 18), (60, 26)]"
axial,130,"(256, 128)","(0.9375, 1.5, 0.9375)","[(0, 20227), (2, 2155), (3, 3151), (4, 78), (8, 7), (10, 284), (11, 85), (12, 205), (13, 140), (14, 32), (17, 51), (24, 27), (26, 5), (28, 15), (41, 1915), (42, 3561), (43, 57), (44, 2), (47, 10), (49, 259), (50, 87), (51, 226), (52, 124), (53, 41), (58, 8), (60, 16)]"
axial,131,"(256, 128)","(0.9375, 1.5, 0.9375)","[(0, 20221), (2, 2180), (3, 3135), (4, 88), (10, 313), (11, 88), (12, 206), (13, 127), (14, 29), (17, 44), (24, 29), (26, 2), (28, 9), (41, 1921), (42, 3520), (43, 71), (47, 1), (49, 296), (50, 98), (51, 226), (52, 114), (53, 44), (58, 1), (60, 5)]"
axial,132,"(256, 128)","(0.9375, 1.5, 0.9375)","[(0, 20174), (2, 2235), (3, 3156), (4, 94), (10, 344), (11, 90), (12, 198), (13, 108), (14, 26), (17, 32), (24, 28), (26, 1), (28, 2), (41, 1877), (42, 3511), (43, 91), (49, 337), (50, 96), (51, 222), (52, 103), (53, 41), (60, 2)]"
axial,133,"(256, 128)","(0.9375, 1.5, 0.9375)","[(0, 20139), (2, 2282), (3, 3158), (4, 105), (10, 357), (11, 91), (12, 198), (13, 89), (14, 18), (17, 11), (24, 27), (41, 1943), (42, 3465), (43, 107), (49, 360), (50, 100), (51, 217), (52, 78), (53, 23)]"
axial,134,"(256, 128)","(0.9375, 1.5, 0.9375)","[(0, 20159), (2, 2288), (3, 3149), (4, 116), (10, 356), (11, 96), (12, 199), (13, 74), (14, 29), (17, 6), (24, 11), (41, 2107), (42, 3298), (43, 127), (49, 376), (50, 96), (51, 211), (52, 62), (53, 8)]"
axial,135,"(256, 128)","(0.9375, 1.5, 0.9375)","[(0, 20222), (2, 2314), (3, 3101), (4, 128), (10, 357), (11, 96), (12, 197), (13, 57), (14, 22), (24, 15), (41, 2247), (42, 3152), (43, 134), (49, 379), (50, 94), (51, 200), (52, 47), (53, 6)]"
axial,136,"(256, 128)","(0.9375, 1.5, 0.9375)","[(0, 20308), (2, 2315), (3, 3078), (4, 140), (10, 347), (11, 93), (12, 191), (13, 33), (14, 20), (24, 18), (41, 2305), (42, 3084), (43, 140), (49, 370), (50, 94), (51, 196), (52, 34), (53, 2)]"
axial,137,"(256, 128)","(0.9375, 1.5, 0.9375)","[(0, 20372), (2, 2258), (3, 3120), (4, 143), (10, 342), (11, 94), (12, 180), (13, 18), (14, 16), (24, 26), (41, 2245), (42, 3159), (43, 142), (49, 362), (50, 92), (51, 177), (52, 22)]"
axial,138,"(256, 128)","(0.9375, 1.5, 0.9375)","[(0, 20422), (2, 2217), (3, 3142), (4, 142), (10, 331), (11, 96), (12, 168), (13, 5), (14, 9), (24, 37), (41, 2206), (42, 3229), (43, 144), (49, 357), (50, 93), (51, 161), (52, 9)]"
axial,139,"(256, 128)","(0.9375, 1.5, 0.9375)","[(0, 20503), (2, 2115), (3, 3231), (4, 139), (10, 315), (11, 102), (12, 150), (13, 3), (14, 4), (24, 52), (41, 2159), (42, 3277), (43, 146), (49, 347), (50, 84), (51, 141)]"
axial,140,"(256, 128)","(0.9375, 1.5, 0.9375)","[(0, 20572), (2, 2098), (3, 3261), (4, 143), (10, 302), (11, 98), (12, 126), (14, 2), (24, 59), (41, 2110), (42, 3314), (43, 149), (49, 331), (50, 85), (51, 118)]"
axial,141,"(256, 128)","(0.9375, 1.5, 0.9375)","[(0, 20648), (2, 2049), (3, 3308), (4, 159), (10, 280), (11, 101), (12, 106), (24, 67), (41, 2165), (42, 3241), (43, 154), (49, 311), (50, 88), (51, 91)]"
axial,142,"(256, 128)","(0.9375, 1.5, 0.9375)","[(0, 20710), (2, 2040), (3, 3350), (4, 160), (10, 249), (11, 107), (12, 81), (24, 51), (41, 2190), (42, 3222), (43, 164), (49, 281), (50, 91), (51, 72)]"
axial,143,"(256, 128)","(0.9375, 1.5, 0.9375)","[(0, 20759), (2, 2069), (3, 3367), (4, 150), (10, 226), (11, 109), (12, 57), (24, 28), (41, 2213), (42, 3222), (43, 161), (49, 261), (50, 96), (51, 50)]"
axial,144,"(256, 128)","(0.9375, 1.5, 0.9375)","[(0, 20796), (2, 2176), (3, 3313), (4, 138), (10, 198), (11, 110), (12, 40), (24, 8), (41, 2222), (42, 3249), (43, 157), (49, 236), (50, 100), (51, 25)]"
axial,145,"(256, 128)","(0.9375, 1.5, 0.9375)","[(0, 20855), (2, 2324), (3, 3220), (4, 121), (10, 170), (11, 115), (12, 8), (41, 2253), (42, 3239), (43, 158), (49, 201), (50, 97), (51, 7)]"
axial,146,"(256, 128)","(0.9375, 1.5, 0.9375)","[(0, 20913), (2, 2491), (3, 3073), (4, 118), (10, 134), (11, 106), (12, 1), (41, 2259), (42, 3247), (43, 147), (49, 173), (50, 104), (51, 2)]"
axial,147,"(256, 128)","(0.9375, 1.5, 0.9375)","[(0, 21008), (2, 2609), (3, 2952), (4, 101), (10, 100), (11, 101), (41, 2305), (42, 3229), (43, 134), (49, 132), (50, 97)]"
axial,148,"(256, 128)","(0.9375, 1.5, 0.9375)","[(0, 21109), (2, 2673), (3, 2911), (4, 85), (10, 61), (11, 99), (41, 2316), (42, 3209), (43, 124), (49, 90), (50, 91)]"
axial,149,"(256, 128)","(0.9375, 1.5, 0.9375)","[(0, 21184), (2, 2753), (3, 2850), (4, 85), (10, 8), (11, 90), (41, 2349), (42, 3206), (43, 113), (49, 42), (50, 88)]"
axial,150,"(256, 128)","(0.9375, 1.5, 0.9375)","[(0, 21259), (2, 2809), (3, 2784), (4, 67), (11, 80), (41, 2422), (42, 3151), (43, 99), (50, 97)]"
axial,151,"(256, 128)","(0.9375, 1.5, 0.9375)","[(0, 21336), (2, 2824), (3, 2765), (4, 41), (11, 67), (41, 2534), (42, 3047), (43, 63), (50, 91)]"
axial,152,"(256, 128)","(0.9375, 1.5, 0.9375)","[(0, 21422), (2, 2812), (3, 2774), (4, 9), (11, 43), (41, 2665), (42, 2933), (43, 35), (50, 75)]"
axial,153,"(256, 128)","(0.9375, 1.5, 0.9375)","[(0, 21527), (2, 2720), (3, 2838), (11, 27), (41, 2695), (42, 2890), (43, 18), (50, 53)]"
axial,154,"(256, 128)","(0.9375, 1.5, 0.9375)","[(0, 21638), (2, 2570), (3, 2956), (11, 8), (41, 2661), (42, 2903), (43, 4), (50, 28)]"
axial,155,"(256, 128)","(0.9375, 1.5, 0.9375)","[(0, 21755), (2, 2428), (3, 3050), (41, 2583), (42, 2946), (50, 6)]"
axial,156,"(256, 128)","(0.9375, 1.5, 0.9375)","[(0, 21873), (2, 2370), (3, 3054), (41, 2484), (42, 2987)]"
axial,157,"(256, 128)","(0.9375, 1.5, 0.9375)","[(0, 22001), (2, 2324), (3, 3028), (41, 2449), (42, 2966)]"
axial,158,"(256, 128)","(0.9375, 1.5, 0.9375)","[(0, 22151), (2, 2235), (3, 3031), (41, 2436), (42, 2915)]"
axial,159,"(256, 128)","(0.9375, 1.5, 0.9375)","[(0, 22299), (2, 2191), (3, 3000), (41, 2430), (42, 2848)]"
axial,160,"(256, 128)","(0.9375, 1.5, 0.9375)","[(0, 22451), (2, 2121), (3, 2994), (41, 2371), (42, 2831)]"
axial,161,"(256, 128)","(0.9375, 1.5, 0.9375)","[(0, 22589), (2, 2044), (3, 2995), (41, 2232), (42, 2908)]"
axial,162,"(256, 128)","(0.9375, 1.5, 0.9375)","[(0, 22731), (2, 1972), (3, 2997), (41, 2039), (42, 3029)]"
axial,163,"(256, 128)","(0.9375, 1.5, 0.9375)","[(0, 22887), (2, 1865), (3, 3024), (41, 1831), (42, 3161)]"
axial,164,"(256, 128)","(0.9375, 1.5, 0.9375)","[(0, 23077), (2, 1746), (3, 3050), (41, 1650), (42, 3245)]"
axial,165,"(256, 128)","(0.9375, 1.5, 0.9375)","[(0, 23249), (2, 1611), (3, 3099), (41, 1565), (42, 3244)]"
axial,166,"(256, 128)","(0.9375, 1.5, 0.9375)","[(0, 23421), (2, 1521), (3, 3095), (41, 1516), (42, 3215)]"
axial,167,"(256, 128)","(0.9375, 1.5, 0.9375)","[(0, 23612), (2, 1443), (3, 3091), (41, 1472), (42, 3150)]"
axial,168,"(256, 128)","(0.9375, 1.5, 0.9375)","[(0, 23814), (2, 1382), (3, 3058), (41, 1435), (42, 3079)]"
axial,169,"(256, 128)","(0.9375, 1.5, 0.9375)","[(0, 24040), (2, 1347), (3, 2971), (41, 1393), (42, 3017)]"
axial,170,"(256, 128)","(0.9375, 1.5, 0.9375)","[(0, 24257), (2, 1257), (3, 2963), (41, 1362), (42, 2929)]"
axial,171,"(256, 128)","(0.9375, 1.5, 0.9375)","[(0, 24482), (2, 1163), (3, 2949), (41, 1309), (42, 2865)]"
axial,172,"(256, 128)","(0.9375, 1.5, 0.9375)","[(0, 24688), (2, 1130), (3, 2878), (41, 1253), (42, 2819)]"
axial,173,"(256, 128)","(0.9375, 1.5, 0.9375)","[(0, 24897), (2, 1073), (3, 2835), (41, 1173), (42, 2790)]"
axial,174,"(256, 128)","(0.9375, 1.5, 0.9375)","[(0, 25115), (2, 1056), (3, 2735), (41, 1066), (42, 2796)]"
axial,175,"(256, 128)","(0.9375, 1.5, 0.9375)","[(0, 25361), (2, 1005), (3, 2663), (41, 977), (42, 2762)]"
axial,176,"(256, 128)","(0.9375, 1.5, 0.9375)","[(0, 25600), (2, 938), (3, 2606), (41, 855), (42, 2769)]"
axial,177,"(256, 128)","(0.9375, 1.5, 0.9375)","[(0, 25821), (2, 902), (3, 2525), (41, 816), (42, 2704)]"
axial,178,"(256, 128)","(0.9375, 1.5, 0.9375)","[(0, 26080), (2, 815), (3, 2471), (41, 781), (42, 2621)]"
axial,179,"(256, 128)","(0.9375, 1.5, 0.9375)","[(0, 26371), (2, 728), (3, 2409), (41, 722), (42, 2538)]"
axial,180,"(256, 128)","(0.9375, 1.5, 0.9375)","[(0, 26678), (2, 646), (3, 2343), (41, 643), (42, 2458)]"
axial,181,"(256, 128)","(0.9375, 1.5, 0.9375)","[(0, 26969), (2, 575), (3, 2270), (41, 583), (42, 2371)]"
axial,182,"(256, 128)","(0.9375, 1.5, 0.9375)","[(0, 27292), (2, 516), (3, 2178), (41, 520), (42, 2262)]"
axial,183,"(256, 128)","(0.9375, 1.5, 0.9375)","[(0, 27585), (2, 449), (3, 2113), (41, 481), (42, 2140)]"
axial,184,"(256, 128)","(0.9375, 1.5, 0.9375)","[(0, 27897), (2, 394), (3, 2009), (41, 442), (42, 2026)]"
axial,185,"(256, 128)","(0.9375, 1.5, 0.9375)","[(0, 28236), (2, 332), (3, 1911), (41, 371), (42, 1918)]"
axial,186,"(256, 128)","(0.9375, 1.5, 0.9375)","[(0, 28565), (2, 262), (3, 1824), (41, 297), (42, 1820)]"
axial,187,"(256, 128)","(0.9375, 1.5, 0.9375)","[(0, 28869), (2, 198), (3, 1737), (41, 225), (42, 1739)]"
axial,188,"(256, 128)","(0.9375, 1.5, 0.9375)","[(0, 29181), (2, 171), (3, 1600), (41, 168), (42, 1648)]"
axial,189,"(256, 128)","(0.9375, 1.5, 0.9375)","[(0, 29473), (2, 153), (3, 1461), (41, 110), (42, 1571)]"
axial,190,"(256, 128)","(0.9375, 1.5, 0.9375)","[(0, 29758), (2, 123), (3, 1345), (41, 83), (42, 1459)]"
axial,191,"(256, 128)","(0.9375, 1.5, 0.9375)","[(0, 30046), (2, 106), (3, 1224), (41, 83), (42, 1309)]"
axial,192,"(256, 128)","(0.9375, 1.5, 0.9375)","[(0, 30346), (2, 69), (3, 1140), (41, 77), (42, 1136)]"
axial,193,"(256, 128)","(0.9375, 1.5, 0.9375)","[(0, 30599), (2, 43), (3, 1036), (41, 52), (42, 1038)]"
axial,194,"(256, 128)","(0.9375, 1.5, 0.9375)","[(0, 30929), (2, 18), (3, 897), (41, 36), (42, 888)]"
axial,195,"(256, 128)","(0.9375, 1.5, 0.9375)","[(0, 31257), (2, 6), (3, 731), (41, 19), (42, 755)]"
axial,196,"(256, 128)","(0.9375, 1.5, 0.9375)","[(0, 31652), (2, 2), (3, 523), (41, 10), (42, 581)]"
axial,197,"(256, 128)","(0.9375, 1.5, 0.9375)","[(0, 32032), (3, 322), (42, 414)]"
axial,198,"(256, 128)","(0.9375, 1.5, 0.9375)","[(0, 32395), (3, 124), (42, 249)]"
axial,199,"(256, 128)","(0.9375, 1.5, 0.9375)","[(0, 32609), (3, 34), (42, 125)]"
axial,200,"(256, 128)","(0.9375, 1.5, 0.9375)","[(0, 32757), (3, 1), (42, 10)]"
axial,201,"(256, 128)","(0.9375, 1.5, 0.9375)","[(0, 32767), (42, 1)]"
axial,202,"(256, 128)","(0.9375, 1.5, 0.9375)","[(0, 32768)]"
axial,203,"(256, 128)","(0.9375, 1.5, 0.9375)","[(0, 32768)]"
axial,204,"(256, 128)","(0.9375, 1.5, 0.9375)","[(0, 32768)]"
axial,205,"(256, 128)","(0.9375, 1.5, 0.9375)","[(0, 32768)]"
axial,206,"(256, 128)","(0.9375, 1.5, 0.9375)","[(0, 32768)]"
axial,207,"(256, 128)","(0.9375, 1.5, 0.9375)","[(0, 32768)]"
axial,208,"(256, 128)","(0.9375, 1.5, 0.9375)","[(0, 32768)]"
axial,209,"(256, 128)","(0.9375, 1.5, 0.9375)","[(0, 32768)]"
axial,210,"(256, 128)","(0.9375, 1.5, 0.9375)","[(0, 32768)]"
axial,211,"(256, 128)","(0.9375, 1.5, 0.9375)","[(0, 32768)]"
axial,212,"(256, 128)","(0.9375, 1.5, 0.9375)","[(0, 32768)]"
axial,213,"(256, 128)","(0.9375, 1.5, 0.9375)","[(0, 32768)]"
axial,214,"(256, 128)","(0.9375, 1.5, 0.9375)","[(0, 32768)]"
axial,215,"(256, 128)","(0.9375, 1.5, 0.9375)","[(0, 32768)]"
axial,216,"(256, 128)","(0.9375, 1.5, 0.9375)","[(0, 32768)]"
axial,217,"(256, 128)","(0.9375, 1.5, 0.9375)","[(0, 32768)]"
axial,218,"(256, 128)","(0.9375, 1.5, 0.9375)","[(0, 32768)]"
axial,219,"(256, 128)","(0.9375, 1.5, 0.9375)","[(0, 32768)]"
axial,220,"(256, 128)","(0.9375, 1.5, 0.9375)","[(0, 32768)]"
axial,221,"(256, 128)","(0.9375, 1.5, 0.9375)","[(0, 32768)]"
axial,222,"(256, 128)","(0.9375, 1.5, 0.9375)","[(0, 32768)]"
axial,223,"(256, 128)","(0.9375, 1.5, 0.9375)","[(0, 32768)]"
axial,224,"(256, 128)","(0.9375, 1.5, 0.9375)","[(0, 32768)]"
axial,225,"(256, 128)","(0.9375, 1.5, 0.9375)","[(0, 32768)]"
axial,226,"(256, 128)","(0.9375, 1.5, 0.9375)","[(0, 32768)]"
axial,227,"(256, 128)","(0.9375, 1.5, 0.9375)","[(0, 32768)]"
axial,228,"(256, 128)","(0.9375, 1.5, 0.9375)","[(0, 32768)]"
axial,229,"(256, 128)","(0.9375, 1.5, 0.9375)","[(0, 32768)]"
axial,230,"(256, 128)","(0.9375, 1.5, 0.9375)","[(0, 32768)]"
axial,231,"(256, 128)","(0.9375, 1.5, 0.9375)","[(0, 32768)]"
axial,232,"(256, 128)","(0.9375, 1.5, 0.9375)","[(0, 32768)]"
axial,233,"(256, 128)","(0.9375, 1.5, 0.9375)","[(0, 32768)]"
axial,234,"(256, 128)","(0.9375, 1.5, 0.9375)","[(0, 32768)]"
axial,235,"(256, 128)","(0.9375, 1.5, 0.9375)","[(0, 32768)]"
axial,236,"(256, 128)","(0.9375, 1.5, 0.9375)","[(0, 32768)]"
axial,237,"(256, 128)","(0.9375, 1.5, 0.9375)","[(0, 32768)]"
axial,238,"(256, 128)","(0.9375, 1.5, 0.9375)","[(0, 32768)]"
axial,239,"(256, 128)","(0.9375, 1.5, 0.9375)","[(0, 32768)]"
axial,240,"(256, 128)","(0.9375, 1.5, 0.9375)","[(0, 32768)]"
axial,241,"(256, 128)","(0.9375, 1.5, 0.9375)","[(0, 32768)]"
axial,242,"(256, 128)","(0.9375, 1.5, 0.9375)","[(0, 32768)]"
axial,243,"(256, 128)","(0.9375, 1.5, 0.9375)","[(0, 32768)]"
axial,244,"(256, 128)","(0.9375, 1.5, 0.9375)","[(0, 32768)]"
axial,245,"(256, 128)","(0.9375, 1.5, 0.9375)","[(0, 32768)]"
axial,246,"(256, 128)","(0.9375, 1.5, 0.9375)","[(0, 32768)]"
axial,247,"(256, 128)","(0.9375, 1.5, 0.9375)","[(0, 32768)]"
axial,248,"(256, 128)","(0.9375, 1.5, 0.9375)","[(0, 32768)]"
axial,249,"(256, 128)","(0.9375, 1.5, 0.9375)","[(0, 32768)]"
axial,250,"(256, 128)","(0.9375, 1.5, 0.9375)","[(0, 32768)]"
axial,251,"(256, 128)","(0.9375, 1.5, 0.9375)","[(0, 32768)]"
axial,252,"(256, 128)","(0.9375, 1.5, 0.9375)","[(0, 32768)]"
axial,253,"(256, 128)","(0.9375, 1.5, 0.9375)","[(0, 32768)]"
axial,254,"(256, 128)","(0.9375, 1.5, 0.9375)","[(0, 32768)]"
axial,255,"(256, 128)","(0.9375, 1.5, 0.9375)","[(0, 32768)]"
sagittal,0,"(128, 256)","(0.9375, 1.5, 0.9375)","[(0, 32768)]"
sagittal,1,"(128, 256)","(0.9375, 1.5, 0.9375)","[(0, 32768)]"
sagittal,2,"(128, 256)","(0.9375, 1.5, 0.9375)","[(0, 32768)]"
sagittal,3,"(128, 256)","(0.9375, 1.5, 0.9375)","[(0, 32768)]"
sagittal,4,"(128, 256)","(0.9375, 1.5, 0.9375)","[(0, 32768)]"
sagittal,5,"(128, 256)","(0.9375, 1.5, 0.9375)","[(0, 32768)]"
sagittal,6,"(128, 256)","(0.9375, 1.5, 0.9375)","[(0, 32768)]"
sagittal,7,"(128, 256)","(0.9375, 1.5, 0.9375)","[(0, 32768)]"
sagittal,8,"(128, 256)","(0.9375, 1.5, 0.9375)","[(0, 32768)]"
sagittal,9,"(128, 256)","(0.9375, 1.5, 0.9375)","[(0, 32768)]"
sagittal,10,"(128, 256)","(0.9375, 1.5, 0.9375)","[(0, 32768)]"
sagittal,11,"(128, 256)","(0.9375, 1.5, 0.9375)","[(0, 32768)]"
sagittal,12,"(128, 256)","(0.9375, 1.5, 0.9375)","[(0, 32768)]"
sagittal,13,"(128, 256)","(0.9375, 1.5, 0.9375)","[(0, 32768)]"
sagittal,14,"(128, 256)","(0.9375, 1.5, 0.9375)","[(0, 32768)]"
sagittal,15,"(128, 256)","(0.9375, 1.5, 0.9375)","[(0, 32768)]"
sagittal,16,"(128, 256)","(0.9375, 1.5, 0.9375)","[(0, 32768)]"
sagittal,17,"(128, 256)","(0.9375, 1.5, 0.9375)","[(0, 32768)]"
sagittal,18,"(128, 256)","(0.9375, 1.5, 0.9375)","[(0, 32768)]"
sagittal,19,"(128, 256)","(0.9375, 1.5, 0.9375)","[(0, 32768)]"
sagittal,20,"(128, 256)","(0.9375, 1.5, 0.9375)","[(0, 32768)]"
sagittal,21,"(128, 256)","(0.9375, 1.5, 0.9375)","[(0, 32768)]"
sagittal,22,"(128, 256)","(0.9375, 1.5, 0.9375)","[(0, 32768)]"
sagittal,23,"(128, 256)","(0.9375, 1.5, 0.9375)","[(0, 32768)]"
sagittal,24,"(128, 256)","(0.9375, 1.5, 0.9375)","[(0, 32768)]"
sagittal,25,"(128, 256)","(0.9375, 1.5, 0.9375)","[(0, 32768)]"
sagittal,26,"(128, 256)","(0.9375, 1.5, 0.9375)","[(0, 32768)]"
sagittal,27,"(128, 256)","(0.9375, 1.5, 0.9375)","[(0, 32768)]"
sagittal,28,"(128, 256)","(0.9375, 1.5, 0.9375)","[(0, 32768)]"
sagittal,29,"(128, 256)","(0.9375, 1.5, 0.9375)","[(0, 32768)]"
sagittal,30,"(128, 256)","(0.9375, 1.5, 0.9375)","[(0, 32768)]"
sagittal,31,"(128, 256)","(0.9375, 1.5, 0.9375)","[(0, 32768)]"
sagittal,32,"(128, 256)","(0.9375, 1.5, 0.9375)","[(0, 32768)]"
sagittal,33,"(128, 256)","(0.9375, 1.5, 0.9375)","[(0, 32768)]"
sagittal,34,"(128, 256)","(0.9375, 1.5, 0.9375)","[(0, 32768)]"
sagittal,35,"(128, 256)","(0.9375, 1.5, 0.9375)","[(0, 32768)]"
sagittal,36,"(128, 256)","(0.9375, 1.5, 0.9375)","[(0, 32768)]"
sagittal,37,"(128, 256)","(0.9375, 1.5, 0.9375)","[(0, 32768)]"
sagittal,38,"(128, 256)","(0.9375, 1.5, 0.9375)","[(0, 32768)]"
sagittal,39,"(128, 256)","(0.9375, 1.5, 0.9375)","[(0, 32768)]"
sagittal,40,"(128, 256)","(0.9375, 1.5, 0.9375)","[(0, 32768)]"
sagittal,41,"(128, 256)","(0.9375, 1.5, 0.9375)","[(0, 32768)]"
sagittal,42,"(128, 256)","(0.9375, 1.5, 0.9375)","[(0, 32768)]"
sagittal,43,"(128, 256)","(0.9375, 1.5, 0.9375)","[(0, 32768)]"
sagittal,44,"(128, 256)","(0.9375, 1.5, 0.9375)","[(0, 32768)]"
sagittal,45,"(128, 256)","(0.9375, 1.5, 0.9375)","[(0, 32768)]"
sagittal,46,"(128, 256)","(0.9375, 1.5, 0.9375)","[(0, 32768)]"
sagittal,47,"(128, 256)","(0.9375, 1.5, 0.9375)","[(0, 32768)]"
sagittal,48,"(128, 256)","(0.9375, 1.5, 0.9375)","[(0, 32768)]"
sagittal,49,"(128, 256)","(0.9375, 1.5, 0.9375)","[(0, 32768)]"
sagittal,50,"(128, 256)","(0.9375, 1.5, 0.9375)","[(0, 32768)]"
sagittal,51,"(128, 256)","(0.9375, 1.5, 0.9375)","[(0, 32768)]"
sagittal,52,"(128, 256)","(0.9375, 1.5, 0.9375)","[(0, 32762), (3, 6)]"
sagittal,53,"(128, 256)","(0.9375, 1.5, 0.9375)","[(0, 32551), (3, 217)]"
sagittal,54,"(128, 256)","(0.9375, 1.5, 0.9375)","[(0, 32359), (3, 409)]"
sagittal,55,"(128, 256)","(0.9375, 1.5, 0.9375)","[(0, 32202), (3, 566)]"
sagittal,56,"(128, 256)","(0.9375, 1.5, 0.9375)","[(0, 32033), (2, 1), (3, 734)]"
sagittal,57,"(128, 256)","(0.9375, 1.5, 0.9375)","[(0, 31795), (2, 26), (3, 947)]"
sagittal,58,"(128, 256)","(0.9375, 1.5, 0.9375)","[(0, 31492), (2, 63), (3, 1213)]"
sagittal,59,"(128, 256)","(0.9375, 1.5, 0.9375)","[(0, 31192), (2, 105), (3, 1471)]"
sagittal,60,"(128, 256)","(0.9375, 1.5, 0.9375)","[(0, 30913), (2, 106), (3, 1749)]"
sagittal,61,"(128, 256)","(0.9375, 1.5, 0.9375)","[(0, 30705), (2, 135), (3, 1928)]"
sagittal,62,"(128, 256)","(0.9375, 1.5, 0.9375)","[(0, 30516), (2, 212), (3, 2040)]"
sagittal,63,"(128, 256)","(0.9375, 1.5, 0.9375)","[(0, 30337), (2, 279), (3, 2152)]"
sagittal,64,"(128, 256)","(0.9375, 1.5, 0.9375)","[(0, 30078), (2, 345), (3, 2345)]"
sagittal,65,"(128, 256)","(0.9375, 1.5, 0.9375)","[(0, 29793), (2, 418), (3, 2557)]"
sagittal,66,"(128, 256)","(0.9375, 1.5, 0.9375)","[(0, 29533), (2, 451), (3, 2784)]"
sagittal,67,"(128, 256)","(0.9375, 1.5, 0.9375)","[(0, 29213), (2, 550), (3, 3005)]"
sagittal,68,"(128, 256)","(0.9375, 1.5, 0.9375)","[(0, 28917), (2, 646), (3, 3205)]"
sagittal,69,"(128, 256)","(0.9375, 1.5, 0.9375)","[(0, 28657), (2, 738), (3, 3371), (8, 2)]"
sagittal,70,"(128, 256)","(0.9375, 1.5, 0.9375)","[(0, 28418), (2, 856), (3, 3487), (8, 7)]"
sagittal,71,"(128, 256)","(0.9375, 1.5, 0.9375)","[(0, 28158), (2, 974), (3, 3619), (8, 17)]"
sagittal,72,"(128, 256)","(0.9375, 1.5, 0.9375)","[(0, 27835), (2, 1127), (3, 3765), (8, 41)]"
sagittal,73,"(128, 256)","(0.9375, 1.5, 0.9375)","[(0, 27557), (2, 1232), (3, 3886), (8, 93)]"
sagittal,74,"(128, 256)","(0.9375, 1.5, 0.9375)","[(0, 27230), (2, 1295), (3, 4080), (8, 163)]"
sagittal,75,"(128, 256)","(0.9375, 1.5, 0.9375)","[(0, 27005), (2, 1357), (3, 4214), (8, 192)]"
sagittal,76,"(128, 256)","(0.9375, 1.5, 0.9375)","[(0, 26803), (2, 1431), (3, 4309), (8, 225)]"
sagittal,77,"(128, 256)","(0.9375, 1.5, 0.9375)","[(0, 26597), (2, 1531), (3, 4389), (8, 251)]"
sagittal,78,"(128, 256)","(0.9375, 1.5, 0.9375)","[(0, 26397), (2, 1630), (3, 4451), (8, 290)]"
sagittal,79,"(128, 256)","(0.9375, 1.5, 0.9375)","[(0, 26195), (2, 1774), (3, 4473), (8, 326)]"
sagittal,80,"(128, 256)","(0.9375, 1.5, 0.9375)","[(0, 26034), (2, 1908), (3, 4463), (7, 1), (8, 362)]"
sagittal,81,"(128, 256)","(0.9375, 1.5, 0.9375)","[(0, 25847), (2, 2000), (3, 4496), (7, 3), (8, 422)]"
sagittal,82,"(128, 256)","(0.9375, 1.5, 0.9375)","[(0, 25682), (2, 2056), (3, 4555), (7, 4), (8, 471)]"
sagittal,83,"(128, 256)","(0.9375, 1.5, 0.9375)","[(0, 25489), (2, 2093), (3, 4665), (7, 5), (8, 516)]"
sagittal,84,"(128, 256)","(0.9375, 1.5, 0.9375)","[(0, 25256), (2, 2137), (3, 4799), (7, 10), (8, 566)]"
sagittal,85,"(128, 256)","(0.9375, 1.5, 0.9375)","[(0, 25073), (2, 2152), (3, 4921), (7, 10), (8, 612)]"
sagittal,86,"(128, 256)","(0.9375, 1.5, 0.9375)","[(0, 24950), (2, 2232), (3, 4939), (7, 12), (8, 635)]"
sagittal,87,"(128, 256)","(0.9375, 1.5, 0.9375)","[(0, 24802), (2, 2392), (3, 4893), (7, 13), (8, 668)]"
sagittal,88,"(128, 256)","(0.9375, 1.5, 0.9375)","[(0, 24655), (2, 2556), (3, 4830), (7, 19), (8, 708)]"
sagittal,89,"(128, 256)","(0.9375, 1.5, 0.9375)","[(0, 24533), (2, 2704), (3, 4778), (5, 1), (7, 37), (8, 714), (17, 1)]"
sagittal,90,"(128, 256)","(0.9375, 1.5, 0.9375)","[(0, 24406), (2, 2885), (3, 4682), (5, 2), (7, 49), (8, 740), (17, 4)]"
sagittal,91,"(128, 256)","(0.9375, 1.5, 0.9375)","[(0, 24278), (2, 3104), (3, 4538), (4, 2), (5, 11), (7, 51), (8, 772), (17, 12)]"
sagittal,92,"(128, 256)","(0.9375, 1.5, 0.9375)","[(0, 24138), (2, 3303), (3, 4409), (4, 8), (5, 19), (7, 62), (8, 803), (17, 25), (18, 1)]"
sagittal,93,"(128, 256)","(0.9375, 1.5, 0.9375)","[(0, 24022), (2, 3420), (3, 4354), (4, 13), (5, 15), (7, 77), (8, 819), (17, 45), (18, 3)]"
sagittal,94,"(128, 256)","(0.9375, 1.5, 0.9375)","[(0, 23938), (2, 3472), (3, 4321), (4, 24), (5, 13), (7, 84), (8, 837), (17, 68), (18, 11)]"
sagittal,95,"(128, 256)","(0.9375, 1.5, 0.9375)","[(0, 23835), (2, 3448), (3, 4313), (4, 34), (5, 15), (7, 96), (8, 851), (12, 53), (17, 95), (18, 28)]"
sagittal,96,"(128, 256)","(0.9375, 1.5, 0.9375)","[(0, 23748), (2, 3309), (3, 4356), (4, 45), (5, 6), (7, 112), (8, 856), (12, 176), (17, 122), (18, 38)]"
sagittal,97,"(128, 256)","(0.9375, 1.5, 0.9375)","[(0, 23663), (2, 3183), (3, 4417), (4, 54), (5, 1), (7, 143), (8, 852), (12, 263), (17, 142), (18, 50)]"
sagittal,98,"(128, 256)","(0.9375, 1.5, 0.9375)","[(0, 23581), (2, 3190), (3, 4366), (4, 59), (7, 174), (8, 851), (12, 325), (13, 2), (17, 160), (18, 60)]"
sagittal,99,"(128, 256)","(0.9375, 1.5, 0.9375)","[(0, 23501), (2, 3325), (3, 4200), (4, 69), (7, 188), (8, 865), (10, 2), (12, 365), (13, 4), (17, 175), (18, 74)]"
sagittal,100,"(128, 256)","(0.9375, 1.5, 0.9375)","[(0, 23435), (2, 3479), (3, 4036), (4, 73), (7, 199), (8, 881), (10, 3), (12, 368), (13, 24), (17, 183), (18, 87)]"
sagittal,101,"(128, 256)","(0.9375, 1.5, 0.9375)","[(0, 23367), (2, 3698), (3, 3825), (4, 70), (5, 1), (7, 211), (8, 906), (10, 8), (12, 348), (13, 52), (17, 192), (18, 89), (28, 1)]"
sagittal,102,"(128, 256)","(0.9375, 1.5, 0.9375)","[(0, 23316), (2, 3758), (3, 3777), (4, 72), (5, 4), (7, 235), (8, 899), (10, 15), (12, 322), (13, 79), (17, 190), (18, 92), (28, 9)]"
sagittal,103,"(128, 256)","(0.9375, 1.5, 0.9375)","[(0, 23285), (2, 3704), (3, 3797), (4, 74), (5, 7), (7, 268), (8, 898), (10, 41), (12, 305), (13, 94), (17, 189), (18, 91), (28, 15)]"
sagittal,104,"(128, 256)","(0.9375, 1.5, 0.9375)","[(0, 23248), (2, 3714), (3, 3795), (4, 69), (5, 7), (7, 288), (8, 900), (10, 83), (12, 271), (13, 109), (17, 183), (18, 85), (28, 16)]"
sagittal,105,"(128, 256)","(0.9375, 1.5, 0.9375)","[(0, 23223), (2, 3756), (3, 3737), (4, 70), (5, 11), (7, 309), (8, 894), (10, 136), (12, 241), (13, 122), (17, 166), (18, 85), (28, 18)]"
sagittal,106,"(128, 256)","(0.9375, 1.5, 0.9375)","[(0, 23195), (2, 3864), (3, 3652), (4, 78), (5, 11), (7, 331), (8, 898), (10, 162), (12, 202), (13, 123), (17, 144), (18, 87), (28, 21)]"
sagittal,107,"(128, 256)","(0.9375, 1.5, 0.9375)","[(0, 23180), (2, 3869), (3, 3644), (4, 76), (5, 11), (7, 343), (8, 916), (10, 180), (11, 50), (12, 159), (13, 108), (17, 129), (18, 81), (28, 22)]"
sagittal,108,"(128, 256)","(0.9375, 1.5, 0.9375)","[(0, 23177), (2, 3886), (3, 3557), (4, 77), (5, 7), (7, 375), (8, 919), (10, 200), (11, 126), (12, 123), (13, 101), (16, 7), (17, 109), (18, 73), (28, 31)]"
sagittal,109,"(128, 256)","(0.9375, 1.5, 0.9375)","[(0, 23175), (2, 3762), (3, 3572), (4, 90), (5, 1), (7, 401), (8, 935), (10, 237), (11, 186), (12, 91), (13, 96), (16, 13), (17, 93), (18, 65), (26, 3), (28, 48)]"
sagittal,110,"(128, 256)","(0.9375, 1.5, 0.9375)","[(0, 23168), (2, 3668), (3, 3604), (4, 90), (5, 2), (7, 415), (8, 966), (10, 271), (11, 222), (12, 71), (13, 78), (16, 17), (17, 76), (18, 54), (26, 7), (28, 59)]"
sagittal,111,"(128, 256)","(0.9375, 1.5, 0.9375)","[(0, 23165), (2, 3651), (3, 3584), (4, 91), (5, 1), (7, 434), (8, 976), (10, 292), (11, 236), (12, 58), (13, 71), (16, 24), (17, 61), (18, 45), (26, 9), (28, 70)]"
sagittal,112,"(128, 256)","(0.9375, 1.5, 0.9375)","[(0, 23155), (2, 3601), (3, 3626), (4, 83), (7, 457), (8, 990), (10, 300), (11, 233), (12, 40), (13, 61), (16, 44), (17, 48), (18, 37), (26, 14), (28, 79)]"
sagittal,113,"(128, 256)","(0.9375, 1.5, 0.9375)","[(0, 23141), (2, 3476), (3, 3717), (4, 73), (7, 464), (8, 1005), (10, 316), (11, 238), (12, 28), (13, 45), (16, 76), (17, 35), (18, 30), (26, 23), (28, 101)]"
sagittal,114,"(128, 256)","(0.9375, 1.5, 0.9375)","[(0, 23120), (2, 3310), (3, 3848), (4, 64), (7, 463), (8, 1012), (10, 330), (11, 222), (12, 18), (13, 37), (16, 133), (17, 29), (18, 28), (26, 37), (28, 117)]"
sagittal,115,"(128, 256)","(0.9375, 1.5, 0.9375)","[(0, 23147), (2, 3095), (3, 3981), (4, 60), (7, 451), (8, 1020), (10, 334), (11, 215), (12, 8), (13, 32), (16, 198), (17, 22), (18, 27), (26, 47), (28, 131)]"
sagittal,116,"(128, 256)","(0.9375, 1.5, 0.9375)","[(0, 23178), (2, 2832), (3, 4190), (4, 54), (7, 448), (8, 1028), (10, 348), (11, 199), (13, 15), (16, 230), (17, 17), (18, 22), (26, 56), (28, 151)]"
sagittal,117,"(128, 256)","(0.9375, 1.5, 0.9375)","[(0, 23199), (2, 2614), (3, 4382), (4, 44), (7, 423), (8, 1040), (10, 353), (11, 186), (13, 2), (16, 274), (17, 13), (18, 16), (26, 54), (28, 168)]"
sagittal,118,"(128, 256)","(0.9375, 1.5, 0.9375)","[(0, 23230), (2, 2453), (3, 4511), (4, 61), (7, 365), (8, 1035), (10, 341), (11, 153), (16, 365), (17, 10), (18, 9), (26, 49), (28, 186)]"
sagittal,119,"(128, 256)","(0.9375, 1.5, 0.9375)","[(0, 23251), (2, 2262), (3, 4636), (4, 89), (7, 303), (8, 1026), (10, 327), (11, 112), (16, 497), (17, 4), (18, 3), (26, 45), (28, 213)]"
sagittal,120,"(128, 256)","(0.9375, 1.5, 0.9375)","[(0, 23294), (2, 2034), (3, 4782), (4, 144), (7, 254), (8, 1052), (10, 313), (11, 46), (15, 1), (16, 585), (17, 1), (26, 43), (28, 219)]"
sagittal,121,"(128, 256)","(0.9375, 1.5, 0.9375)","[(0, 23384), (2, 1799), (3, 4913), (4, 172), (7, 238), (8, 1072), (10, 281), (11, 13), (15, 1), (16, 634), (24, 8), (26, 37), (28, 216)]"
sagittal,122,"(128, 256)","(0.9375, 1.5, 0.9375)","[(0, 23476), (2, 1467), (3, 5188), (4, 175), (7, 214), (8, 1073), (10, 250), (11, 2), (15, 13), (16, 668), (24, 22), (26, 7), (28, 213)]"
sagittal,123,"(128, 256)","(0.9375, 1.5, 0.9375)","[(0, 23648), (2, 880), (3, 5644), (4, 155), (7, 194), (8, 1065), (10, 220), (14, 1), (15, 32), (16, 682), (24, 27), (28, 220)]"
sagittal,124,"(128, 256)","(0.9375, 1.5, 0.9375)","[(0, 23887), (2, 555), (3, 5792), (4, 129), (7, 166), (8, 1059), (10, 189), (14, 2), (15, 57), (16, 676), (24, 34), (28, 218), (42, 4)]"
sagittal,125,"(128, 256)","(0.9375, 1.5, 0.9375)","[(0, 24262), (2, 478), (3, 5494), (4, 97), (7, 140), (8, 1056), (10, 158), (14, 23), (15, 72), (16, 667), (24, 38), (28, 213), (42, 70)]"
sagittal,126,"(128, 256)","(0.9375, 1.5, 0.9375)","[(0, 24660), (2, 482), (3, 4416), (4, 56), (7, 103), (8, 1046), (10, 118), (14, 116), (15, 100), (16, 631), (24, 43), (28, 141), (41, 1), (42, 855)]"
sagittal,127,"(128, 256)","(0.9375, 1.5, 0.9375)","[(0, 24718), (2, 406), (3, 2121), (4, 19), (7, 74), (8, 1046), (10, 76), (14, 172), (15, 122), (16, 584), (24, 63), (28, 95), (41, 52), (42, 3187), (43, 15), (47, 2), (49, 7), (60, 9)]"
sagittal,128,"(128, 256)","(0.9375, 1.5, 0.9375)","[(0, 24452), (2, 19), (3, 361), (7, 54), (8, 988), (14, 157), (15, 125), (16, 570), (24, 64), (28, 14), (41, 465), (42, 5186), (43, 62), (47, 46), (49, 108), (60, 97)]"
sagittal,129,"(128, 256)","(0.9375, 1.5, 0.9375)","[(0, 24190), (3, 17), (7, 23), (8, 759), (14, 58), (15, 117), (16, 579), (24, 51), (41, 579), (42, 5708), (43, 88), (46, 3), (47, 258), (49, 160), (60, 178)]"
sagittal,130,"(128, 256)","(0.9375, 1.5, 0.9375)","[(0, 23972), (7, 2), (8, 308), (14, 4), (15, 98), (16, 600), (24, 53), (41, 775), (42, 5717), (43, 126), (46, 18), (47, 687), (49, 196), (60, 212)]"
sagittal,131,"(128, 256)","(0.9375, 1.5, 0.9375)","[(0, 23763), (8, 45), (14, 1), (15, 79), (16, 614), (24, 43), (41, 1169), (42, 5469), (43, 152), (46, 27), (47, 968), (49, 217), (58, 4), (60, 217)]"
sagittal,132,"(128, 256)","(0.9375, 1.5, 0.9375)","[(0, 23587), (8, 1), (15, 67), (16, 634), (24, 35), (41, 1540), (42, 5214), (43, 168), (46, 35), (47, 1018), (49, 241), (58, 9), (60, 219)]"
sagittal,133,"(128, 256)","(0.9375, 1.5, 0.9375)","[(0, 23459), (15, 51), (16, 645), (24, 21), (41, 1893), (42, 4941), (43, 175), (46, 61), (47, 1010), (49, 268), (50, 2), (58, 24), (60, 218)]"
sagittal,134,"(128, 256)","(0.9375, 1.5, 0.9375)","[(0, 23332), (15, 42), (16, 649), (24, 2), (41, 2164), (42, 4755), (43, 169), (46, 85), (47, 1016), (49, 296), (50, 19), (58, 34), (60, 205)]"
sagittal,135,"(128, 256)","(0.9375, 1.5, 0.9375)","[(0, 23235), (15, 28), (16, 634), (41, 2453), (42, 4546), (43, 127), (46, 101), (47, 1024), (49, 321), (50, 65), (53, 1), (54, 1), (58, 36), (60, 196)]"
sagittal,136,"(128, 256)","(0.9375, 1.5, 0.9375)","[(0, 23151), (15, 14), (16, 602), (41, 2637), (42, 4425), (43, 81), (46, 125), (47, 1032), (49, 340), (50, 126), (53, 3), (54, 6), (58, 42), (60, 184)]"
sagittal,137,"(128, 256)","(0.9375, 1.5, 0.9375)","[(0, 23113), (15, 1), (16, 555), (41, 2766), (42, 4322), (43, 61), (46, 157), (47, 1043), (49, 354), (50, 163), (53, 9), (54, 13), (58, 48), (60, 163)]"
sagittal,138,"(128, 256)","(0.9375, 1.5, 0.9375)","[(0, 23091), (16, 484), (41, 2860), (42, 4275), (43, 57), (46, 200), (47, 1029), (49, 357), (50, 187), (51, 4), (53, 11), (54, 20), (58, 46), (60, 147)]"
sagittal,139,"(128, 256)","(0.9375, 1.5, 0.9375)","[(0, 23086), (16, 402), (41, 2976), (42, 4176), (43, 69), (46, 238), (47, 1031), (49, 351), (50, 205), (51, 14), (52, 5), (53, 15), (54, 26), (58, 40), (60, 134)]"
sagittal,140,"(128, 256)","(0.9375, 1.5, 0.9375)","[(0, 23105), (16, 308), (41, 3101), (42, 4029), (43, 73), (46, 306), (47, 1023), (49, 342), (50, 220), (51, 15), (52, 23), (53, 24), (54, 31), (58, 41), (60, 127)]"
sagittal,141,"(128, 256)","(0.9375, 1.5, 0.9375)","[(0, 23078), (16, 227), (41, 3197), (42, 3953), (43, 88), (46, 391), (47, 984), (49, 337), (50, 231), (51, 28), (52, 40), (53, 31), (54, 35), (58, 29), (60, 119)]"
sagittal,142,"(128, 256)","(0.9375, 1.5, 0.9375)","[(0, 23075), (16, 179), (41, 3359), (42, 3790), (43, 95), (46, 426), (47, 971), (49, 324), (50, 247), (51, 37), (52, 55), (53, 42), (54, 43), (58, 19), (60, 106)]"
sagittal,143,"(128, 256)","(0.9375, 1.5, 0.9375)","[(0, 23091), (16, 134), (41, 3497), (42, 3671), (43, 92), (46, 436), (47, 954), (49, 305), (50, 274), (51, 40), (52, 68), (53, 53), (54, 49), (58, 11), (60, 93)]"
sagittal,144,"(128, 256)","(0.9375, 1.5, 0.9375)","[(0, 23082), (16, 79), (41, 3626), (42, 3592), (43, 96), (46, 435), (47, 962), (49, 291), (50, 262), (51, 64), (52, 78), (53, 63), (54, 52), (58, 8), (60, 78)]"
sagittal,145,"(128, 256)","(0.9375, 1.5, 0.9375)","[(0, 23034), (16, 47), (41, 3752), (42, 3582), (43, 96), (44, 1), (46, 429), (47, 960), (49, 260), (50, 233), (51, 94), (52, 81), (53, 76), (54, 57), (58, 5), (60, 61)]"
sagittal,146,"(128, 256)","(0.9375, 1.5, 0.9375)","[(0, 23047), (16, 28), (41, 3755), (42, 3654), (43, 98), (44, 2), (46, 416), (47, 960), (49, 230), (50, 157), (51, 111), (52, 110), (53, 93), (54, 61), (58, 1), (60, 45)]"
sagittal,147,"(128, 256)","(0.9375, 1.5, 0.9375)","[(0, 23044), (16, 16), (41, 3765), (42, 3787), (43, 86), (44, 5), (46, 412), (47, 936), (49, 200), (50, 52), (51, 133), (52, 125), (53, 104), (54, 68), (60, 35)]"
sagittal,148,"(128, 256)","(0.9375, 1.5, 0.9375)","[(0, 23069), (16, 7), (41, 3726), (42, 3826), (43, 90), (44, 12), (46, 401), (47, 928), (49, 176), (50, 15), (51, 171), (52, 129), (53, 123), (54, 74), (60, 21)]"
sagittal,149,"(128, 256)","(0.9375, 1.5, 0.9375)","[(0, 23094), (41, 3609), (42, 3924), (43, 82), (44, 13), (46, 396), (47, 915), (49, 154), (50, 1), (51, 216), (52, 120), (53, 137), (54, 86), (60, 21)]"
sagittal,150,"(128, 256)","(0.9375, 1.5, 0.9375)","[(0, 23136), (41, 3475), (42, 4018), (43, 76), (44, 9), (46, 369), (47, 926), (49, 121), (51, 265), (52, 103), (53, 153), (54, 98), (60, 19)]"
sagittal,151,"(128, 256)","(0.9375, 1.5, 0.9375)","[(0, 23173), (41, 3452), (42, 4056), (43, 76), (44, 5), (46, 350), (47, 923), (49, 67), (51, 304), (52, 88), (53, 165), (54, 98), (60, 11)]"
sagittal,152,"(128, 256)","(0.9375, 1.5, 0.9375)","[(0, 23202), (41, 3406), (42, 4120), (43, 74), (46, 329), (47, 922), (49, 28), (51, 346), (52, 65), (53, 173), (54, 97), (60, 6)]"
sagittal,153,"(128, 256)","(0.9375, 1.5, 0.9375)","[(0, 23240), (41, 3375), (42, 4131), (43, 74), (44, 2), (46, 310), (47, 927), (49, 9), (51, 376), (52, 49), (53, 181), (54, 89), (60, 2), (62, 3)]"
sagittal,154,"(128, 256)","(0.9375, 1.5, 0.9375)","[(0, 23283), (41, 3445), (42, 4046), (43, 74), (44, 1), (46, 285), (47, 937), (49, 1), (51, 401), (52, 26), (53, 178), (54, 84), (60, 1), (62, 6)]"
sagittal,155,"(128, 256)","(0.9375, 1.5, 0.9375)","[(0, 23360), (41, 3597), (42, 3870), (43, 76), (46, 259), (47, 949), (51, 401), (52, 2), (53, 172), (54, 78), (62, 4)]"
sagittal,156,"(128, 256)","(0.9375, 1.5, 0.9375)","[(0, 23430), (41, 3640), (42, 3835), (43, 69), (44, 1), (46, 244), (47, 946), (51, 357), (52, 1), (53, 170), (54, 73), (62, 2)]"
sagittal,157,"(128, 256)","(0.9375, 1.5, 0.9375)","[(0, 23513), (41, 3541), (42, 3955), (43, 59), (44, 9), (46, 228), (47, 933), (51, 308), (53, 153), (54, 69)]"
sagittal,158,"(128, 256)","(0.9375, 1.5, 0.9375)","[(0, 23570), (41, 3455), (42, 4115), (43, 50), (44, 24), (46, 204), (47, 941), (51, 228), (53, 125), (54, 56)]"
sagittal,159,"(128, 256)","(0.9375, 1.5, 0.9375)","[(0, 23657), (41, 3401), (42, 4266), (43, 37), (44, 28), (46, 185), (47, 947), (51, 104), (53, 103), (54, 40)]"
sagittal,160,"(128, 256)","(0.9375, 1.5, 0.9375)","[(0, 23740), (41, 3278), (42, 4488), (43, 29), (44, 12), (46, 159), (47, 963), (51, 12), (53, 72), (54, 15)]"
sagittal,161,"(128, 256)","(0.9375, 1.5, 0.9375)","[(0, 23836), (41, 3137), (42, 4623), (43, 12), (44, 9), (46, 132), (47, 966), (53, 47), (54, 6)]"
sagittal,162,"(128, 256)","(0.9375, 1.5, 0.9375)","[(0, 23934), (41, 3005), (42, 4725), (44, 10), (46, 102), (47, 973), (53, 19)]"
sagittal,163,"(128, 256)","(0.9375, 1.5, 0.9375)","[(0, 24038), (41, 2868), (42, 4802), (44, 11), (46, 91), (47, 958)]"
sagittal,164,"(128, 256)","(0.9375, 1.5, 0.9375)","[(0, 24128), (41, 2695), (42, 4924), (46, 73), (47, 948)]"
sagittal,165,"(128, 256)","(0.9375, 1.5, 0.9375)","[(0, 24272), (41, 2589), (42, 4926), (46, 58), (47, 923)]"
sagittal,166,"(128, 256)","(0.9375, 1.5, 0.9375)","[(0, 24417), (41, 2486), (42, 4914), (46, 51), (47, 900)]"
sagittal,167,"(128, 256)","(0.9375, 1.5, 0.9375)","[(0, 24576), (41, 2354), (42, 4929), (46, 44), (47, 865)]"
sagittal,168,"(128, 256)","(0.9375, 1.5, 0.9375)","[(0, 24761), (41, 2200), (42, 4934), (46, 33), (47, 840)]"
sagittal,169,"(128, 256)","(0.9375, 1.5, 0.9375)","[(0, 24937), (41, 2105), (42, 4892), (46, 23), (47, 811)]"
sagittal,170,"(128, 256)","(0.9375, 1.5, 0.9375)","[(0, 25130), (41, 1978), (42, 4868), (46, 18), (47, 774)]"
sagittal,171,"(128, 256)","(0.9375, 1.5, 0.9375)","[(0, 25317), (41, 1840), (42, 4858), (46, 14), (47, 739)]"
sagittal,172,"(128, 256)","(0.9375, 1.5, 0.9375)","[(0, 25534), (41, 1766), (42, 4752), (46, 11), (47, 705)]"
sagittal,173,"(128, 256)","(0.9375, 1.5, 0.9375)","[(0, 25727), (41, 1704), (42, 4656), (46, 8), (47, 673)]"
sagittal,174,"(128, 256)","(0.9375, 1.5, 0.9375)","[(0, 25886), (41, 1618), (42, 4629), (46, 7), (47, 628)]"
sagittal,175,"(128, 256)","(0.9375, 1.5, 0.9375)","[(0, 26055), (41, 1501), (42, 4626), (46, 2), (47, 584)]"
sagittal,176,"(128, 256)","(0.9375, 1.5, 0.9375)","[(0, 26236), (41, 1385), (42, 4596), (46, 1), (47, 550)]"
sagittal,177,"(128, 256)","(0.9375, 1.5, 0.9375)","[(0, 26455), (41, 1314), (42, 4498), (47, 501)]"
sagittal,178,"(128, 256)","(0.9375, 1.5, 0.9375)","[(0, 26694), (41, 1215), (42, 4409), (47, 450)]"
sagittal,179,"(128, 256)","(0.9375, 1.5, 0.9375)","[(0, 26917), (41, 1122), (42, 4334), (47, 395)]"
sagittal,180,"(128, 256)","(0.9375, 1.5, 0.9375)","[(0, 27167), (41, 1025), (42, 4219), (47, 357)]"
sagittal,181,"(128, 256)","(0.9375, 1.5, 0.9375)","[(0, 27448), (41, 948), (42, 4071), (47, 301)]"
sagittal,182,"(128, 256)","(0.9375, 1.5, 0.9375)","[(0, 27731), (41, 867), (42, 3915), (47, 255)]"
sagittal,183,"(128, 256)","(0.9375, 1.5, 0.9375)","[(0, 28025), (41, 752), (42, 3781), (47, 210)]"
sagittal,184,"(128, 256)","(0.9375, 1.5, 0.9375)","[(0, 28327), (41, 642), (42, 3650), (47, 149)]"
sagittal,185,"(128, 256)","(0.9375, 1.5, 0.9375)","[(0, 28638), (41, 550), (42, 3488), (47, 92)]"
sagittal,186,"(128, 256)","(0.9375, 1.5, 0.9375)","[(0, 28964), (41, 462), (42, 3298), (47, 44)]"
sagittal,187,"(128, 256)","(0.9375, 1.5, 0.9375)","[(0, 29346), (41, 373), (42, 3037), (47, 12)]"
sagittal,188,"(128, 256)","(0.9375, 1.5, 0.9375)","[(0, 29649), (41, 320), (42, 2798), (47, 1)]"
sagittal,189,"(128, 256)","(0.9375, 1.5, 0.9375)","[(0, 29923), (41, 285), (42, 2560)]"
sagittal,190,"(128, 256)","(0.9375, 1.5, 0.9375)","[(0, 30180), (41, 244), (42, 2344)]"
sagittal,191,"(128, 256)","(0.9375, 1.5, 0.9375)","[(0, 30432), (41, 189), (42, 2147)]"
sagittal,192,"(128, 256)","(0.9375, 1.5, 0.9375)","[(0, 30648), (41, 113), (42, 2007)]"
sagittal,193,"(128, 256)","(0.9375, 1.5, 0.9375)","[(0, 30889), (41, 70), (42, 1809)]"
sagittal,194,"(128, 256)","(0.9375, 1.5, 0.9375)","[(0, 31146), (41, 38), (42, 1584)]"
sagittal,195,"(128, 256)","(0.9375, 1.5, 0.9375)","[(0, 31437), (41, 10), (42, 1321)]"
sagittal,196,"(128, 256)","(0.9375, 1.5, 0.9375)","[(0, 31753), (42, 1015)]"
sagittal,197,"(128, 256)","(0.9375, 1.5, 0.9375)","[(0, 32016), (42, 752)]"
sagittal,198,"(128, 256)","(0.9375, 1.5, 0.9375)","[(0, 32237), (42, 531)]"
sagittal,199,"(128, 256)","(0.9375, 1.5, 0.9375)","[(0, 32464), (42, 304)]"
sagittal,200,"(128, 256)","(0.9375, 1.5, 0.9375)","[(0, 32651), (42, 117)]"
sagittal,201,"(128, 256)","(0.9375, 1.5, 0.9375)","[(0, 32752), (42, 16)]"
sagittal,202,"(128, 256)","(0.9375, 1.5, 0.9375)","[(0, 32768)]"
sagittal,203,"(128, 256)","(0.9375, 1.5, 0.9375)","[(0, 32768)]"
sagittal,204,"(128, 256)","(0.9375, 1.5, 0.9375)","[(0, 32768)]"
sagittal,205,"(128, 256)","(0.9375, 1.5, 0.9375)","[(0, 32768)]"
sagittal,206,"(128, 256)","(0.9375, 1.5, 0.9375)","[(0, 32768)]"
sagittal,207,"(128, 256)","(0.9375, 1.5, 0.9375)","[(0, 32768)]"
sagittal,208,"(128, 256)","(0.9375, 1.5, 0.9375)","[(0, 32768)]"
sagittal,209,"(128, 256)","(0.9375, 1.5, 0.9375)","[(0, 32768)]"
sagittal,210,"(128, 256)","(0.9375, 1.5, 0.9375)","[(0, 32768)]"
sagittal,211,"(128, 256)","(0.9375, 1.5, 0.9375)","[(0, 32768)]"
sagittal,212,"(128, 256)","(0.9375, 1.5, 0.9375)","[(0, 32768)]"
sagittal,213,"(128, 256)","(0.9375, 1.5, 0.9375)","[(0, 32768)]"
sagittal,214,"(128, 256)","(0.9375, 1.5, 0.9375)","[(0, 32768)]"
sagittal,215,"(128, 256)","(0.9375, 1.5, 0.9375)","[(0, 32768)]"
sagittal,216,"(128, 256)","(0.9375, 1.5, 0.9375)","[(0, 32768)]"
sagittal,217,"(128, 256)","(0.9375, 1.5, 0.9375)","[(0, 32768)]"
sagittal,218,"(128, 256)","(0.9375, 1.5, 0.9375)","[(0, 32768)]"
sagittal,219,"(128, 256)","(0.9375, 1.5, 0.9375)","[(0, 32768)]"
sagittal,220,"(128, 256)","(0.9375, 1.5, 0.9375)","[(0, 32768)]"
sagittal,221,"(128, 256)","(0.9375, 1.5, 0.9375)","[(0, 32768)]"
sagittal,222,"(128, 256)","(0.9375, 1.5, 0.9375)","[(0, 32768)]"
sagittal,223,"(128, 256)","(0.9375, 1.5, 0.9375)","[(0, 32768)]"
sagittal,224,"(128, 256)","(0.9375, 1.5, 0.9375)","[(0, 32768)]"
sagittal,225,"(128, 256)","(0.9375, 1.5, 0.9375)","[(0, 32768)]"
sagittal,226,"(128, 256)","(0.9375, 1.5, 0.9375)","[(0, 32768)]"
sagittal,227,"(128, 256)","(0.9375, 1.5, 0.9375)","[(0, 32768)]"
sagittal,228,"(128, 256)","(0.9375, 1.5, 0.9375)","[(0, 32768)]"
sagittal,229,"(128, 256)","(0.9375, 1.5, 0.9375)","[(0, 32768)]"
sagittal,230,"(128, 256)","(0.9375, 1.5, 0.9375)","[(0, 32768)]"
sagittal,231,"(128, 256)","(0.9375, 1.5, 0.9375)","[(0, 32768)]"
sagittal,232,"(128, 256)","(0.9375, 1.5, 0.9375)","[(0, 32768)]"
sagittal,233,"(128, 256)","(0.9375, 1.5, 0.9375)","[(0, 32768)]"
sagittal,234,"(128, 256)","(0.9375, 1.5, 0.9375)","[(0, 32768)]"
sagittal,235,"(128, 256)","(0.9375, 1.5, 0.9375)","[(0, 32768)]"
sagittal,236,"(128, 256)","(0.9375, 1.5, 0.9375)","[(0, 32768)]"
sagittal,237,"(128, 256)","(0.9375, 1.5, 0.9375)","[(0, 32768)]"
sagittal,238,"(128, 256)","(0.9375, 1.5, 0.9375)","[(0, 32768)]"
sagittal,239,"(128, 256)","(0.9375, 1.5, 0.9375)","[(0, 32768)]"
sagittal,240,"(128, 256)","(0.9375, 1.5, 0.9375)","[(0, 32768)]"
sagittal,241,"(128, 256)","(0.9375, 1.5, 0.9375)","[(0, 32768)]"
sagittal,242,"(128, 256)","(0.9375, 1.5, 0.9375)","[(0, 32768)]"
sagittal,243,"(128, 256)","(0.9375, 1.5, 0.9375)","[(0, 32768)]"
sagittal,244,"(128, 256)","(0.9375, 1.5, 0.9375)","[(0, 32768)]"
sagittal,245,"(128, 256)","(0.9375, 1.5, 0.9375)","[(0, 32768)]"
sagittal,246,"(128, 256)","(0.9375, 1.5, 0.9375)","[(0, 32768)]"
sagittal,247,"(128, 256)","(0.9375, 1.5, 0.9375)","[(0, 32768)]"
sagittal,248,"(128, 256)","(0.9375, 1.5, 0.9375)","[(0, 32768)]"
sagittal,249,"(128, 256)","(0.9375, 1.5, 0.9375)","[(0, 32768)]"
sagittal,250,"(128, 256)","(0.9375, 1.5, 0.9375)","[(0, 32768)]"
sagittal,251,"(128, 256)","(0.9375, 1.5, 0.9375)","[(0, 32768)]"
sagittal,252,"(128, 256)","(0.9375, 1.5, 0.9375)","[(0, 32768)]"
sagittal,253,"(128, 256)","(0.9375, 1.5, 0.9375)","[(0, 32768)]"
sagittal,254,"(128, 256)","(0.9375, 1.5, 0.9375)","[(0, 32768)]"
sagittal,255,"(128, 256)","(0.9375, 1.5, 0.9375)","[(0, 32768)]"
